use InStock365
go

delete from [ProductClass]
delete from [Product]
delete from [Classification]
go

SET IDENTITY_INSERT [dbo].[Classification] On
INSERT INTO [dbo].[Classification] ([ClassCode], [CreateDate], [LastModDate], [RowNbr], [ClassID], [ParentClassID], [ImageURL]) VALUES (N'Amber Bottles', '20140709 12:40:19.313', '20140709 12:40:19.313', 793, N'20001', N'2001', NULL)
INSERT INTO [dbo].[Classification] ([ClassCode], [CreateDate], [LastModDate], [RowNbr], [ClassID], [ParentClassID], [ImageURL]) VALUES (N'Blue Bottles', '20140709 12:40:19.313', '20140709 12:40:19.313', 794, N'20002', N'2001', NULL)
INSERT INTO [dbo].[Classification] ([ClassCode], [CreateDate], [LastModDate], [RowNbr], [ClassID], [ParentClassID], [ImageURL]) VALUES (N'Collodial Silver', '20140709 12:40:19.310', '20140709 12:40:19.310', 786, N'2', NULL, N'Colloidal-Silver.Label10.jpg')
INSERT INTO [dbo].[Classification] ([ClassCode], [CreateDate], [LastModDate], [RowNbr], [ClassID], [ParentClassID], [ImageURL]) VALUES (N'Essential Oils', '20150113 10:38:48.637', '20150113 10:38:48.637', 801, N'5', NULL, N'Oils04.jpg')
INSERT INTO [dbo].[Classification] ([ClassCode], [CreateDate], [LastModDate], [RowNbr], [ClassID], [ParentClassID], [ImageURL]) VALUES (N'Liquid', '20140709 12:40:19.310', '20140709 12:40:19.310', 791, N'2001', N'2', NULL)
INSERT INTO [dbo].[Classification] ([ClassCode], [CreateDate], [LastModDate], [RowNbr], [ClassID], [ParentClassID], [ImageURL]) VALUES (N'Mega Protein', '20140709 12:40:19.310', '20140709 12:40:19.310', 788, N'1000', N'1', NULL)
INSERT INTO [dbo].[Classification] ([ClassCode], [CreateDate], [LastModDate], [RowNbr], [ClassID], [ParentClassID], [ImageURL]) VALUES (N'Mink Oil', '20150113 10:39:39.307', '20150113 10:39:39.307', 802, N'5001', N'5', NULL)
INSERT INTO [dbo].[Classification] ([ClassCode], [CreateDate], [LastModDate], [RowNbr], [ClassID], [ParentClassID], [ImageURL]) VALUES (N'Natural Skin Care', '20140709 12:40:19.310', '20140709 12:40:19.310', 787, N'3', NULL, N'SkinCare00.jpg')
INSERT INTO [dbo].[Classification] ([ClassCode], [CreateDate], [LastModDate], [RowNbr], [ClassID], [ParentClassID], [ImageURL]) VALUES (N'Natural Supplements', '20140709 12:40:19.310', '20140709 12:40:19.310', 785, N'1', NULL, N'Supplement13.jpg')
INSERT INTO [dbo].[Classification] ([ClassCode], [CreateDate], [LastModDate], [RowNbr], [ClassID], [ParentClassID], [ImageURL]) VALUES (N'Oil of Mango', '20150113 10:40:07.190', '20150113 10:40:07.190', 803, N'5002', N'5', NULL)
INSERT INTO [dbo].[Classification] ([ClassCode], [CreateDate], [LastModDate], [RowNbr], [ClassID], [ParentClassID], [ImageURL]) VALUES (N'Salve', '20140709 12:40:19.310', '20140709 12:40:19.310', 790, N'2000', N'2', NULL)
INSERT INTO [dbo].[Classification] ([ClassCode], [CreateDate], [LastModDate], [RowNbr], [ClassID], [ParentClassID], [ImageURL]) VALUES (N'Silver Hand Sanitizer (Spray)', '20140720 11:06:51.347', '20140720 11:06:51.347', 797, N'1500', N'2', NULL)
INSERT INTO [dbo].[Classification] ([ClassCode], [CreateDate], [LastModDate], [RowNbr], [ClassID], [ParentClassID], [ImageURL]) VALUES (N'Spray', '20140709 12:40:19.310', '20140709 12:40:19.310', 792, N'2002', N'2', NULL)
INSERT INTO [dbo].[Classification] ([ClassCode], [CreateDate], [LastModDate], [RowNbr], [ClassID], [ParentClassID], [ImageURL]) VALUES (N'Vitamin C Skin Care', '20140709 12:40:19.313', '20140709 12:40:19.313', 795, N'3000', N'3', NULL)
INSERT INTO [dbo].[Classification] ([ClassCode], [CreateDate], [LastModDate], [RowNbr], [ClassID], [ParentClassID], [ImageURL]) VALUES (N'Vitamin Water', '20140709 12:40:19.310', '20140709 12:40:19.310', 789, N'1001', N'1', NULL)
INSERT INTO [dbo].[Classification] ([ClassCode], [CreateDate], [LastModDate], [RowNbr], [ClassID], [ParentClassID], [ImageURL]) VALUES (N'Vitamins', '20150113 10:36:33.603', '20150113 10:36:33.603', 798, N'4', NULL, N'Vitamins01.jpg')
INSERT INTO [dbo].[Classification] ([ClassCode], [CreateDate], [LastModDate], [RowNbr], [ClassID], [ParentClassID], [ImageURL]) VALUES (N'Vitsmin-D (5000 Units daily)', '20150113 10:37:41.407', '20150113 10:37:41.407', 799, N'4001', N'4', NULL)
INSERT INTO [dbo].[Classification] ([ClassCode], [CreateDate], [LastModDate], [RowNbr], [ClassID], [ParentClassID], [ImageURL]) VALUES (N'Vitsmin-E', '20150113 10:38:24.763', '20150113 10:38:24.763', 800, N'4002', N'4', NULL)
INSERT INTO [dbo].[Classification] ([ClassCode], [CreateDate], [LastModDate], [RowNbr], [ClassID], [ParentClassID], [ImageURL]) VALUES (N'Vitsmin-E (1000 Units daily)', '20150113 10:49:55.477', '20150113 10:49:55.477', 805, N'4102', N'4002', NULL)
INSERT INTO [dbo].[Classification] ([ClassCode], [CreateDate], [LastModDate], [RowNbr], [ClassID], [ParentClassID], [ImageURL]) VALUES (N'Vitsmin-E (500 Units daily)', '20150113 10:50:19.230', '20150113 10:50:19.230', 806, N'4103', N'4002', NULL)
INSERT INTO [dbo].[Classification] ([ClassCode], [CreateDate], [LastModDate], [RowNbr], [ClassID], [ParentClassID], [ImageURL]) VALUES (N'Vitsmin-E (5000 Units daily)', '20150113 10:49:26.087', '20150113 10:49:26.087', 804, N'4101', N'4002', NULL)
INSERT INTO [dbo].[Classification] ([ClassCode], [CreateDate], [LastModDate], [RowNbr], [ClassID], [ParentClassID], [ImageURL]) VALUES (N'Volcanic Pumice Exfoliant', '20140709 12:40:19.313', '20140709 12:40:19.313', 796, N'3001', N'3', NULL)
SET IDENTITY_INSERT [dbo].[Classification] OFF
go

SET IDENTITY_INSERT [dbo].[Product] ON
INSERT INTO [dbo].[Product] ([ProductID], [ManfID], [ShortTitle], [ProductManufacturer], [MinimumUnit], [UnitCost], [NbrReviews], [AvgRating], [ManfProdID], [ProdWeight], [ProdWeightUnit], [ProdHeight], [ProdHeightUnit], [ProdLength], [ProdLengthUnit], [LastModDate], [CreateDate], [QtyAvail], [RowNbr], [type], [brand], [colors], [materials], [attributes], [upc], [inventory], [category], [subcategory], [image_small], [image_medium], [image_large], [item_weight], [tier_pack_1], [tier_price_1], [tier_pack_2], [tier_price_2], [tier_pack_3], [tier_price_3], [tier_pack_4], [tier_price_4], [case_pack], [case_pack_price], [on_sale], [sale_begins], [sale_ends], [QtySold7days], [QtySold14days], [QtySold30days], [QtySold60days], [QtySold90days], [QtySold180days], [QtySoldYear], [QtySoldToday], [StarTotalVotes], [Star1], [Star2], [Star3], [Star4], [Star5], [StarAvglVotes], [MadeInUSA], [Dimensions], [MarkupPct], [reorderQty], [Sizes], [EligibleForFreeSHipping], [Rating], [NbrRatings], [Vote1], [Vote2], [Vote3], [Vote4], [Vote5], [DefaultImageURL]) VALUES (N'IS365-CS-2OZ-BL', N'NCHOICE', N'Special - 2oz. Collodial Silver (Blue)', N'Nature''s Choice', N'1', CONVERT([decimal](10, 2),19.95), 1024, CONVERT([decimal](3, 2),4.90), N'CS2OZBL', CONVERT([decimal](12, 2),4.00), N'oz.', CONVERT([decimal](10, 2),4.00), N'in.', CONVERT([decimal](12, 2),1.50), N'dia.', '20150118 20:44:13.087', '20150118 20:44:13.087', 1000, 8705, N'USA', N'Instock365', N'', N'glass', N'', N'', 1000, N'Collodial Silver', N'Blue Bottles', N'BottleDropperBlue2.jpg', N'BottleDropperBlue2.jpg', N'BottleDropperBlue2.jpg', CONVERT([decimal](15, 3),0.250), CONVERT([decimal](15, 3),12.000), CONVERT([decimal](15, 3),-1.000), CONVERT([decimal](15, 3),18.000), CONVERT([decimal](15, 3),-1.000), CONVERT([decimal](15, 3),24.000), CONVERT([decimal](15, 3),-1.000), CONVERT([decimal](15, 3),48.000), CONVERT([decimal](15, 3),-1.000), CONVERT([decimal](15, 3),-1.000), CONVERT([decimal](15, 3),-1.000), 0, '20150118 00:00:00.000', '20150118 00:00:00.000', -1, -1, -1, -1, -1, -1, -1, -1, 0, 0, 0, 0, 0, 0, CONVERT([decimal](4, 2),0.00), 0, N'', CONVERT([decimal](6, 3),4.000), 10, N'', 0, CONVERT([decimal](4, 2),5.00), 1200, 1150, 50, 0, 0, 0, NULL)
INSERT INTO [dbo].[Product] ([ProductID], [ManfID], [ShortTitle], [ProductManufacturer], [MinimumUnit], [UnitCost], [NbrReviews], [AvgRating], [ManfProdID], [ProdWeight], [ProdWeightUnit], [ProdHeight], [ProdHeightUnit], [ProdLength], [ProdLengthUnit], [LastModDate], [CreateDate], [QtyAvail], [RowNbr], [type], [brand], [colors], [materials], [attributes], [upc], [inventory], [category], [subcategory], [image_small], [image_medium], [image_large], [item_weight], [tier_pack_1], [tier_price_1], [tier_pack_2], [tier_price_2], [tier_pack_3], [tier_price_3], [tier_pack_4], [tier_price_4], [case_pack], [case_pack_price], [on_sale], [sale_begins], [sale_ends], [QtySold7days], [QtySold14days], [QtySold30days], [QtySold60days], [QtySold90days], [QtySold180days], [QtySoldYear], [QtySoldToday], [StarTotalVotes], [Star1], [Star2], [Star3], [Star4], [Star5], [StarAvglVotes], [MadeInUSA], [Dimensions], [MarkupPct], [reorderQty], [Sizes], [EligibleForFreeSHipping], [Rating], [NbrRatings], [Vote1], [Vote2], [Vote3], [Vote4], [Vote5], [DefaultImageURL]) VALUES (N'NC-CS-2OZ-AM', N'NCHOICE', N'2oz. Colloidal Silver (Amber Bottle reduces sunlight degradation)', N'Nature''s Choice', N'1', CONVERT([decimal](10, 2),14.95), 1, CONVERT([decimal](3, 2),5.00), N'CS2OZAM', CONVERT([decimal](12, 2),4.00), N'oz.', CONVERT([decimal](10, 2),4.00), N'in.', CONVERT([decimal](12, 2),1.50), N'dia.', '20150117 09:51:31.933', '20140707 15:14:13.613', 1000, 8689, N'USA', N'Instock365', NULL, N'glass', NULL, NULL, 1000, N'Collodial Silver', N'Amber Bottles', N'BottleAndDropperAmber.jpg', N'BottleAndDropperAmber.jpg', N'BottleAndDropperAmber.jpg', CONVERT([decimal](15, 3),0.250), CONVERT([decimal](15, 3),12.000), NULL, CONVERT([decimal](15, 3),18.000), NULL, CONVERT([decimal](15, 3),24.000), NULL, CONVERT([decimal](15, 3),48.000), NULL, NULL, NULL, NULL, NULL, NULL, NULL, NULL, NULL, NULL, NULL, NULL, NULL, NULL, 0, 0, 0, 0, 0, 0, CONVERT([decimal](4, 2),0.00), 0, NULL, CONVERT([decimal](6, 3),4.000), 10, NULL, 0, CONVERT([decimal](4, 2),5.00), 1200, 0, 0, 0, 0, 1, NULL)
INSERT INTO [dbo].[Product] ([ProductID], [ManfID], [ShortTitle], [ProductManufacturer], [MinimumUnit], [UnitCost], [NbrReviews], [AvgRating], [ManfProdID], [ProdWeight], [ProdWeightUnit], [ProdHeight], [ProdHeightUnit], [ProdLength], [ProdLengthUnit], [LastModDate], [CreateDate], [QtyAvail], [RowNbr], [type], [brand], [colors], [materials], [attributes], [upc], [inventory], [category], [subcategory], [image_small], [image_medium], [image_large], [item_weight], [tier_pack_1], [tier_price_1], [tier_pack_2], [tier_price_2], [tier_pack_3], [tier_price_3], [tier_pack_4], [tier_price_4], [case_pack], [case_pack_price], [on_sale], [sale_begins], [sale_ends], [QtySold7days], [QtySold14days], [QtySold30days], [QtySold60days], [QtySold90days], [QtySold180days], [QtySoldYear], [QtySoldToday], [StarTotalVotes], [Star1], [Star2], [Star3], [Star4], [Star5], [StarAvglVotes], [MadeInUSA], [Dimensions], [MarkupPct], [reorderQty], [Sizes], [EligibleForFreeSHipping], [Rating], [NbrRatings], [Vote1], [Vote2], [Vote3], [Vote4], [Vote5], [DefaultImageURL]) VALUES (N'NC-CS-2OZ-BL', N'NCHOICE', N'2oz. Collodial Silver (Blue)', N'Nature''s Choice', N'1', CONVERT([decimal](10, 2),19.95), 1024, CONVERT([decimal](3, 2),4.90), N'CS2OZBL', CONVERT([decimal](12, 2),4.00), N'oz.', CONVERT([decimal](10, 2),4.00), N'in.', CONVERT([decimal](12, 2),1.50), N'dia.', '20140707 15:14:13.613', '20140707 15:14:13.613', 1000, 8694, N'USA', N'Instock365', NULL, N'glass', NULL, NULL, 1000, N'Collodial Silver', N'Blue Bottles', N'BottleDropperBlue2.jpg', N'BottleDropperBlue2.jpg', N'BottleDropperBlue2.jpg', CONVERT([decimal](15, 3),0.250), CONVERT([decimal](15, 3),12.000), NULL, CONVERT([decimal](15, 3),18.000), NULL, CONVERT([decimal](15, 3),24.000), NULL, CONVERT([decimal](15, 3),48.000), NULL, NULL, NULL, NULL, NULL, NULL, NULL, NULL, NULL, NULL, NULL, NULL, NULL, NULL, 0, 0, 0, 0, 0, 0, CONVERT([decimal](4, 2),0.00), 0, NULL, CONVERT([decimal](6, 3),4.000), 10, NULL, 0, CONVERT([decimal](4, 2),5.00), 1200, 1150, 50, 0, 0, 0, NULL)
INSERT INTO [dbo].[Product] ([ProductID], [ManfID], [ShortTitle], [ProductManufacturer], [MinimumUnit], [UnitCost], [NbrReviews], [AvgRating], [ManfProdID], [ProdWeight], [ProdWeightUnit], [ProdHeight], [ProdHeightUnit], [ProdLength], [ProdLengthUnit], [LastModDate], [CreateDate], [QtyAvail], [RowNbr], [type], [brand], [colors], [materials], [attributes], [upc], [inventory], [category], [subcategory], [image_small], [image_medium], [image_large], [item_weight], [tier_pack_1], [tier_price_1], [tier_pack_2], [tier_price_2], [tier_pack_3], [tier_price_3], [tier_pack_4], [tier_price_4], [case_pack], [case_pack_price], [on_sale], [sale_begins], [sale_ends], [QtySold7days], [QtySold14days], [QtySold30days], [QtySold60days], [QtySold90days], [QtySold180days], [QtySoldYear], [QtySoldToday], [StarTotalVotes], [Star1], [Star2], [Star3], [Star4], [Star5], [StarAvglVotes], [MadeInUSA], [Dimensions], [MarkupPct], [reorderQty], [Sizes], [EligibleForFreeSHipping], [Rating], [NbrRatings], [Vote1], [Vote2], [Vote3], [Vote4], [Vote5], [DefaultImageURL]) VALUES (N'NC-CS-4OZ-AM', N'NCHOICE', N'4oz. Collodial Silver (Amber)', N'Nature''s Choice', N'1', CONVERT([decimal](10, 2),19.95), 1024, CONVERT([decimal](3, 2),4.90), N'CS4OZAM', CONVERT([decimal](12, 2),4.00), N'oz.', CONVERT([decimal](10, 2),4.00), N'in.', CONVERT([decimal](12, 2),1.50), N'dia.', '20140707 15:14:13.613', '20140707 15:14:13.613', 1000, 8690, N'USA', N'Instock365', NULL, N'glass', NULL, NULL, 1000, N'Collodial Silver', N'Amber Bottles', N'BottleWithMisterAmber.jpg', N'BottleWithMisterAmber.jpg', N'BottleWithMisterAmber.jpg', CONVERT([decimal](15, 3),0.250), CONVERT([decimal](15, 3),12.000), NULL, CONVERT([decimal](15, 3),18.000), NULL, CONVERT([decimal](15, 3),24.000), NULL, CONVERT([decimal](15, 3),48.000), NULL, NULL, NULL, NULL, NULL, NULL, NULL, NULL, NULL, NULL, NULL, NULL, NULL, NULL, 0, 0, 0, 0, 0, 0, CONVERT([decimal](4, 2),0.00), 0, NULL, CONVERT([decimal](6, 3),4.000), 10, NULL, 0, CONVERT([decimal](4, 2),5.00), 1200, 1150, 50, 0, 0, 0, NULL)
INSERT INTO [dbo].[Product] ([ProductID], [ManfID], [ShortTitle], [ProductManufacturer], [MinimumUnit], [UnitCost], [NbrReviews], [AvgRating], [ManfProdID], [ProdWeight], [ProdWeightUnit], [ProdHeight], [ProdHeightUnit], [ProdLength], [ProdLengthUnit], [LastModDate], [CreateDate], [QtyAvail], [RowNbr], [type], [brand], [colors], [materials], [attributes], [upc], [inventory], [category], [subcategory], [image_small], [image_medium], [image_large], [item_weight], [tier_pack_1], [tier_price_1], [tier_pack_2], [tier_price_2], [tier_pack_3], [tier_price_3], [tier_pack_4], [tier_price_4], [case_pack], [case_pack_price], [on_sale], [sale_begins], [sale_ends], [QtySold7days], [QtySold14days], [QtySold30days], [QtySold60days], [QtySold90days], [QtySold180days], [QtySoldYear], [QtySoldToday], [StarTotalVotes], [Star1], [Star2], [Star3], [Star4], [Star5], [StarAvglVotes], [MadeInUSA], [Dimensions], [MarkupPct], [reorderQty], [Sizes], [EligibleForFreeSHipping], [Rating], [NbrRatings], [Vote1], [Vote2], [Vote3], [Vote4], [Vote5], [DefaultImageURL]) VALUES (N'NC-CS-4OZ-BL', N'NCHOICE', N'4oz. Collodial Silver (Blue Bottle)', N'Nature''s Choice', N'1', CONVERT([decimal](10, 2),24.95), 1024, CONVERT([decimal](3, 2),4.90), N'CS4OZBL', CONVERT([decimal](12, 2),4.00), N'oz.', CONVERT([decimal](10, 2),4.00), N'in.', CONVERT([decimal](12, 2),1.50), N'dia.', '20140707 15:14:13.613', '20140707 15:14:13.613', 1000, 8693, N'USA', N'Instock365', NULL, N'glass', NULL, NULL, 1000, N'Collodial Silver', N'Blue Bottles', N'BottleSingleBlue.jpg', N'BottleSingleBlue.jpg', N'BottleSingleBlue.jpg', CONVERT([decimal](15, 3),0.250), CONVERT([decimal](15, 3),12.000), NULL, CONVERT([decimal](15, 3),18.000), NULL, CONVERT([decimal](15, 3),24.000), NULL, CONVERT([decimal](15, 3),48.000), NULL, NULL, NULL, NULL, NULL, NULL, NULL, NULL, NULL, NULL, NULL, NULL, NULL, NULL, 0, 0, 0, 0, 0, 0, CONVERT([decimal](4, 2),0.00), 0, NULL, CONVERT([decimal](6, 3),4.000), 10, NULL, 0, CONVERT([decimal](4, 2),5.00), 1200, 1150, 50, 0, 0, 0, NULL)
INSERT INTO [dbo].[Product] ([ProductID], [ManfID], [ShortTitle], [ProductManufacturer], [MinimumUnit], [UnitCost], [NbrReviews], [AvgRating], [ManfProdID], [ProdWeight], [ProdWeightUnit], [ProdHeight], [ProdHeightUnit], [ProdLength], [ProdLengthUnit], [LastModDate], [CreateDate], [QtyAvail], [RowNbr], [type], [brand], [colors], [materials], [attributes], [upc], [inventory], [category], [subcategory], [image_small], [image_medium], [image_large], [item_weight], [tier_pack_1], [tier_price_1], [tier_pack_2], [tier_price_2], [tier_pack_3], [tier_price_3], [tier_pack_4], [tier_price_4], [case_pack], [case_pack_price], [on_sale], [sale_begins], [sale_ends], [QtySold7days], [QtySold14days], [QtySold30days], [QtySold60days], [QtySold90days], [QtySold180days], [QtySoldYear], [QtySoldToday], [StarTotalVotes], [Star1], [Star2], [Star3], [Star4], [Star5], [StarAvglVotes], [MadeInUSA], [Dimensions], [MarkupPct], [reorderQty], [Sizes], [EligibleForFreeSHipping], [Rating], [NbrRatings], [Vote1], [Vote2], [Vote3], [Vote4], [Vote5], [DefaultImageURL]) VALUES (N'NC-CS-8OZ-AM', N'NCHOICE', N'8oz. Collodial Silver (Amber)', N'Nature''s Choice', N'1', CONVERT([decimal](10, 2),24.95), 1024, CONVERT([decimal](3, 2),4.90), N'CS8OZAM', CONVERT([decimal](12, 2),4.00), N'oz.', CONVERT([decimal](10, 2),4.00), N'in.', CONVERT([decimal](12, 2),1.50), N'dia.', '20150126 13:10:37.927', '20140707 15:14:13.613', 1000, 8691, N'USA', N'Instock365', N'', N'glass', N'', N'', 1000, N'Collodial Silver', N'Amber Bottles', N'Colloidal-Silver.Label7.jpg', N'Colloidal-Silver.Label7.jpg', N'Colloidal-Silver.Label7.jpg', CONVERT([decimal](15, 3),0.250), CONVERT([decimal](15, 3),12.000), CONVERT([decimal](15, 3),-1.000), CONVERT([decimal](15, 3),18.000), CONVERT([decimal](15, 3),-1.000), CONVERT([decimal](15, 3),24.000), CONVERT([decimal](15, 3),-1.000), CONVERT([decimal](15, 3),48.000), CONVERT([decimal](15, 3),-1.000), CONVERT([decimal](15, 3),-1.000), CONVERT([decimal](15, 3),-1.000), 0, '20150126 00:00:00.000', '20150126 00:00:00.000', -1, -1, -1, -1, -1, -1, -1, -1, 0, 0, 0, 0, 0, 0, CONVERT([decimal](4, 2),0.00), 0, NULL, CONVERT([decimal](6, 3),4.000), 10, NULL, 0, CONVERT([decimal](4, 2),5.00), 1200, 1150, 50, 0, 0, 0, NULL)
INSERT INTO [dbo].[Product] ([ProductID], [ManfID], [ShortTitle], [ProductManufacturer], [MinimumUnit], [UnitCost], [NbrReviews], [AvgRating], [ManfProdID], [ProdWeight], [ProdWeightUnit], [ProdHeight], [ProdHeightUnit], [ProdLength], [ProdLengthUnit], [LastModDate], [CreateDate], [QtyAvail], [RowNbr], [type], [brand], [colors], [materials], [attributes], [upc], [inventory], [category], [subcategory], [image_small], [image_medium], [image_large], [item_weight], [tier_pack_1], [tier_price_1], [tier_pack_2], [tier_price_2], [tier_pack_3], [tier_price_3], [tier_pack_4], [tier_price_4], [case_pack], [case_pack_price], [on_sale], [sale_begins], [sale_ends], [QtySold7days], [QtySold14days], [QtySold30days], [QtySold60days], [QtySold90days], [QtySold180days], [QtySoldYear], [QtySoldToday], [StarTotalVotes], [Star1], [Star2], [Star3], [Star4], [Star5], [StarAvglVotes], [MadeInUSA], [Dimensions], [MarkupPct], [reorderQty], [Sizes], [EligibleForFreeSHipping], [Rating], [NbrRatings], [Vote1], [Vote2], [Vote3], [Vote4], [Vote5], [DefaultImageURL]) VALUES (N'NC-CS-8OZ-BL', N'NCHOICE', N'8oz. Collodial Silver (Blue)', N'Nature''s Choice', N'1', CONVERT([decimal](10, 2),29.95), 1024, CONVERT([decimal](3, 2),4.90), N'CS8OZBL', CONVERT([decimal](12, 2),4.00), N'oz.', CONVERT([decimal](10, 2),4.00), N'in.', CONVERT([decimal](12, 2),1.50), N'dia.', '20140707 15:14:13.613', '20140707 15:14:13.613', 1000, 8692, N'USA', N'Instock365', NULL, N'glass', NULL, NULL, 1000, N'Collodial Silver', N'Blue Bottles', N'BottleDropperBlue.jpg', N'BottleDropperBlue.jpg', N'BottleDropperBlue.jpg', CONVERT([decimal](15, 3),0.250), CONVERT([decimal](15, 3),12.000), NULL, CONVERT([decimal](15, 3),18.000), NULL, CONVERT([decimal](15, 3),24.000), NULL, CONVERT([decimal](15, 3),48.000), NULL, NULL, NULL, NULL, NULL, NULL, NULL, NULL, NULL, NULL, NULL, NULL, NULL, NULL, 0, 0, 0, 0, 0, 0, CONVERT([decimal](4, 2),0.00), 0, NULL, CONVERT([decimal](6, 3),4.000), 10, NULL, 0, CONVERT([decimal](4, 2),5.00), 1200, 1150, 50, 0, 0, 0, NULL)
SET IDENTITY_INSERT [dbo].[Product] OFF
go

SET IDENTITY_INSERT [dbo].[ProductClass] ON
INSERT INTO [dbo].[ProductClass] ([ClassCode], [ProductID], [CreateDate], [LastModDate], [RowNbr]) VALUES (N'Amber Bottles', N'NC-CS-2OZ-AM', '20150113 16:28:41.733', '20150117 09:51:46.267', 13)
INSERT INTO [dbo].[ProductClass] ([ClassCode], [ProductID], [CreateDate], [LastModDate], [RowNbr]) VALUES (N'Amber Bottles', N'NC-CS-4OZ-AM', '20150113 16:28:41.733', '20150113 16:28:41.733', 14)
INSERT INTO [dbo].[ProductClass] ([ClassCode], [ProductID], [CreateDate], [LastModDate], [RowNbr]) VALUES (N'Amber Bottles', N'NC-CS-8OZ-AM', '20150113 16:28:41.737', '20150126 13:10:46.027', 15)
INSERT INTO [dbo].[ProductClass] ([ClassCode], [ProductID], [CreateDate], [LastModDate], [RowNbr]) VALUES (N'Blue Bottles', N'IS365-CS-2OZ-BL', '20150118 20:44:13.193', '20150118 20:44:13.193', 35)
INSERT INTO [dbo].[ProductClass] ([ClassCode], [ProductID], [CreateDate], [LastModDate], [RowNbr]) VALUES (N'Blue Bottles', N'NC-CS-2OZ-BL', '20150113 16:28:41.737', '20150113 16:28:41.737', 18)
INSERT INTO [dbo].[ProductClass] ([ClassCode], [ProductID], [CreateDate], [LastModDate], [RowNbr]) VALUES (N'Blue Bottles', N'NC-CS-4OZ-BL', '20150113 16:28:41.737', '20150113 16:28:41.737', 17)
INSERT INTO [dbo].[ProductClass] ([ClassCode], [ProductID], [CreateDate], [LastModDate], [RowNbr]) VALUES (N'Blue Bottles', N'NC-CS-8OZ-BL', '20150113 16:28:41.737', '20150113 16:28:41.737', 16)
INSERT INTO [dbo].[ProductClass] ([ClassCode], [ProductID], [CreateDate], [LastModDate], [RowNbr]) VALUES (N'Collodial Silver', N'NC-CS-2OZ-AM', '20150113 16:30:27.160', '20150113 16:30:27.160', 19)
INSERT INTO [dbo].[ProductClass] ([ClassCode], [ProductID], [CreateDate], [LastModDate], [RowNbr]) VALUES (N'Collodial Silver', N'NC-CS-2OZ-BL', '20150113 16:30:27.160', '20150113 16:30:27.160', 24)
INSERT INTO [dbo].[ProductClass] ([ClassCode], [ProductID], [CreateDate], [LastModDate], [RowNbr]) VALUES (N'Collodial Silver', N'NC-CS-4OZ-AM', '20150113 16:30:27.160', '20150113 16:30:27.160', 20)
INSERT INTO [dbo].[ProductClass] ([ClassCode], [ProductID], [CreateDate], [LastModDate], [RowNbr]) VALUES (N'Collodial Silver', N'NC-CS-4OZ-BL', '20150113 16:30:27.160', '20150113 16:30:27.160', 23)
INSERT INTO [dbo].[ProductClass] ([ClassCode], [ProductID], [CreateDate], [LastModDate], [RowNbr]) VALUES (N'Collodial Silver', N'NC-CS-8OZ-AM', '20150113 16:30:27.160', '20150113 16:30:27.160', 21)
INSERT INTO [dbo].[ProductClass] ([ClassCode], [ProductID], [CreateDate], [LastModDate], [RowNbr]) VALUES (N'Collodial Silver', N'NC-CS-8OZ-BL', '20150113 16:30:27.160', '20150113 16:30:27.160', 22)
SET IDENTITY_INSERT [dbo].[ProductClass] OFF
go


INSERT INTO [dbo].[Classification] ([ClassCode], [CreateDate], [LastModDate],  [ClassID], [ParentClassID], [ImageURL]) VALUES (N'Vitamins', '20140709 12:40:19.313', '20140709 12:40:19.313', N'7001', N'15', NULL)
go
INSERT INTO [dbo].[Classification] ([ClassCode], [CreateDate], [LastModDate], [ClassID], [ParentClassID], [ImageURL]) VALUES (N'Supplements', '20140709 12:40:19.313', '20140709 12:40:19.313', N'8001', N'16', NULL)
go
INSERT INTO [dbo].[Classification] ([ClassCode], [CreateDate], [LastModDate], [ClassID], [ParentClassID], [ImageURL]) VALUES (N'Oils', '20140709 12:40:19.313', '20140709 12:40:19.313', N'9001', N'17', NULL)
go

INSERT INTO [dbo].[Product] ([ProductID], [ManfID], [ShortTitle], [ProductManufacturer], [MinimumUnit], [UnitCost], [NbrReviews], [AvgRating], [ManfProdID], [ProdWeight], [ProdWeightUnit], [ProdHeight], [ProdHeightUnit], [ProdLength], [ProdLengthUnit], [LastModDate], [CreateDate], [QtyAvail], [type], [brand], [colors], [materials], [attributes], [upc], [inventory], [category], [subcategory], [image_small], [image_medium], [image_large], [item_weight], [tier_pack_1], [tier_price_1], [tier_pack_2], [tier_price_2], [tier_pack_3], [tier_price_3], [tier_pack_4], [tier_price_4], [case_pack], [case_pack_price], [on_sale], [sale_begins], [sale_ends], [QtySold7days], [QtySold14days], [QtySold30days], [QtySold60days], [QtySold90days], [QtySold180days], [QtySoldYear], [QtySoldToday], [StarTotalVotes], [Star1], [Star2], [Star3], [Star4], [Star5], [StarAvglVotes], [MadeInUSA], [Dimensions], [MarkupPct], [reorderQty], [Sizes], [EligibleForFreeSHipping], [Rating], [NbrRatings], [Vote1], [Vote2], [Vote3], [Vote4], [Vote5], [DefaultImageURL]) VALUES 
                             (N'Oil-10', N'NCHOICE', N'2oz. Fresh Scent ', N'Nature''s Choice', N'1', CONVERT([decimal](10, 2),29.95), 1024, CONVERT([decimal](3, 2),4.90), N'CS8OZBL', CONVERT([decimal](12, 2),4.00), N'oz.', CONVERT([decimal](10, 2),4.00), N'in.', CONVERT([decimal](12, 2),1.50), N'dia.', '20140707 15:14:13.613', '20140707 15:14:13.613', 1000,  N'USA', N'Instock365', NULL, N'glass', NULL, NULL, 1000, N'Essential Oils', N'', 
					    N'Oils01.png', N'Oils01.png', N'Oils01.png', CONVERT([decimal](15, 3),0.250), CONVERT([decimal](15, 3),12.000), NULL, CONVERT([decimal](15, 3),18.000), NULL, CONVERT([decimal](15, 3),24.000), NULL, CONVERT([decimal](15, 3),48.000), NULL, NULL, NULL, NULL, NULL, NULL, NULL, NULL, NULL, NULL, NULL, NULL, NULL, NULL, 0, 0, 0, 0, 0, 0, CONVERT([decimal](4, 2),0.00), 0, NULL, CONVERT([decimal](6, 3),4.000), 10, NULL, 0, CONVERT([decimal](4, 2),5.00), 1200, 1150, 50, 0, 0, 0, NULL)

INSERT INTO [dbo].[Product] ([ProductID], [ManfID], [ShortTitle], [ProductManufacturer], [MinimumUnit], [UnitCost], [NbrReviews], [AvgRating], [ManfProdID], [ProdWeight], [ProdWeightUnit], [ProdHeight], [ProdHeightUnit], [ProdLength], [ProdLengthUnit], [LastModDate], [CreateDate], [QtyAvail], [type], [brand], [colors], [materials], [attributes], [upc], [inventory], [category], [subcategory], [image_small], [image_medium], [image_large], [item_weight], [tier_pack_1], [tier_price_1], [tier_pack_2], [tier_price_2], [tier_pack_3], [tier_price_3], [tier_pack_4], [tier_price_4], [case_pack], [case_pack_price], [on_sale], [sale_begins], [sale_ends], [QtySold7days], [QtySold14days], [QtySold30days], [QtySold60days], [QtySold90days], [QtySold180days], [QtySoldYear], [QtySoldToday], [StarTotalVotes], [Star1], [Star2], [Star3], [Star4], [Star5], [StarAvglVotes], [MadeInUSA], [Dimensions], [MarkupPct], [reorderQty], [Sizes], [EligibleForFreeSHipping], [Rating], [NbrRatings], [Vote1], [Vote2], [Vote3], [Vote4], [Vote5], [DefaultImageURL]) VALUES 
                             (N'Oil-20', N'NCHOICE', N'2oz. Jasmine', N'Nature''s Choice', N'1', CONVERT([decimal](10, 2),29.95), 1024, CONVERT([decimal](3, 2),4.90), N'CS8OZBL', CONVERT([decimal](12, 2),4.00), N'oz.', CONVERT([decimal](10, 2),4.00), N'in.', CONVERT([decimal](12, 2),1.50), N'dia.', '20140707 15:14:13.613', '20140707 15:14:13.613', 1000,  N'USA', N'Instock365', NULL, N'glass', NULL, NULL, 1000, N'Essential Oils', N'', 
					    N'Oils02.png', N'Oils02.png', N'Oils02.png', CONVERT([decimal](15, 3),0.250), CONVERT([decimal](15, 3),12.000), NULL, CONVERT([decimal](15, 3),18.000), NULL, CONVERT([decimal](15, 3),24.000), NULL, CONVERT([decimal](15, 3),48.000), NULL, NULL, NULL, NULL, NULL, NULL, NULL, NULL, NULL, NULL, NULL, NULL, NULL, NULL, 0, 0, 0, 0, 0, 0, CONVERT([decimal](4, 2),0.00), 0, NULL, CONVERT([decimal](6, 3),4.000), 10, NULL, 0, CONVERT([decimal](4, 2),5.00), 1200, 1150, 50, 0, 0, 0, NULL)

INSERT INTO [dbo].[Product] ([ProductID], [ManfID], [ShortTitle], [ProductManufacturer], [MinimumUnit], [UnitCost], [NbrReviews], [AvgRating], [ManfProdID], [ProdWeight], [ProdWeightUnit], [ProdHeight], [ProdHeightUnit], [ProdLength], [ProdLengthUnit], [LastModDate], [CreateDate], [QtyAvail], [type], [brand], [colors], [materials], [attributes], [upc], [inventory], [category], [subcategory], [image_small], [image_medium], [image_large], [item_weight], [tier_pack_1], [tier_price_1], [tier_pack_2], [tier_price_2], [tier_pack_3], [tier_price_3], [tier_pack_4], [tier_price_4], [case_pack], [case_pack_price], [on_sale], [sale_begins], [sale_ends], [QtySold7days], [QtySold14days], [QtySold30days], [QtySold60days], [QtySold90days], [QtySold180days], [QtySoldYear], [QtySoldToday], [StarTotalVotes], [Star1], [Star2], [Star3], [Star4], [Star5], [StarAvglVotes], [MadeInUSA], [Dimensions], [MarkupPct], [reorderQty], [Sizes], [EligibleForFreeSHipping], [Rating], [NbrRatings], [Vote1], [Vote2], [Vote3], [Vote4], [Vote5], [DefaultImageURL]) VALUES 
                             (N'Oil-30', N'NCHOICE', N'2oz. Purple Velvet', N'Nature''s Choice', N'1', CONVERT([decimal](10, 2),29.95), 1024, CONVERT([decimal](3, 2),4.90), N'CS8OZBL', CONVERT([decimal](12, 2),4.00), N'oz.', CONVERT([decimal](10, 2),4.00), N'in.', CONVERT([decimal](12, 2),1.50), N'dia.', '20140707 15:14:13.613', '20140707 15:14:13.613', 1000,  N'USA', N'Instock365', NULL, N'glass', NULL, NULL, 1000, N'Essential Oils', N'', 
					    N'Oils03.png', N'Oils03.png', N'Oils03.png', CONVERT([decimal](15, 3),0.250), CONVERT([decimal](15, 3),12.000), NULL, CONVERT([decimal](15, 3),18.000), NULL, CONVERT([decimal](15, 3),24.000), NULL, CONVERT([decimal](15, 3),48.000), NULL, NULL, NULL, NULL, NULL, NULL, NULL, NULL, NULL, NULL, NULL, NULL, NULL, NULL, 0, 0, 0, 0, 0, 0, CONVERT([decimal](4, 2),0.00), 0, NULL, CONVERT([decimal](6, 3),4.000), 10, NULL, 0, CONVERT([decimal](4, 2),5.00), 1200, 1150, 50, 0, 0, 0, NULL)

INSERT INTO [dbo].[Product] ([ProductID], [ManfID], [ShortTitle], [ProductManufacturer], [MinimumUnit], [UnitCost], [NbrReviews], [AvgRating], [ManfProdID], [ProdWeight], [ProdWeightUnit], [ProdHeight], [ProdHeightUnit], [ProdLength], [ProdLengthUnit], [LastModDate], [CreateDate], [QtyAvail], [type], [brand], [colors], [materials], [attributes], [upc], [inventory], [category], [subcategory], [image_small], [image_medium], [image_large], [item_weight], [tier_pack_1], [tier_price_1], [tier_pack_2], [tier_price_2], [tier_pack_3], [tier_price_3], [tier_pack_4], [tier_price_4], [case_pack], [case_pack_price], [on_sale], [sale_begins], [sale_ends], [QtySold7days], [QtySold14days], [QtySold30days], [QtySold60days], [QtySold90days], [QtySold180days], [QtySoldYear], [QtySoldToday], [StarTotalVotes], [Star1], [Star2], [Star3], [Star4], [Star5], [StarAvglVotes], [MadeInUSA], [Dimensions], [MarkupPct], [reorderQty], [Sizes], [EligibleForFreeSHipping], [Rating], [NbrRatings], [Vote1], [Vote2], [Vote3], [Vote4], [Vote5], [DefaultImageURL]) VALUES 
                             (N'Oil-40', N'NCHOICE', N'4oz. Natural Wintergreen', N'Nature''s Choice', N'1', CONVERT([decimal](10, 2),29.95), 1024, CONVERT([decimal](3, 2),4.90), N'CS8OZBL', CONVERT([decimal](12, 2),4.00), N'oz.', CONVERT([decimal](10, 2),4.00), N'in.', CONVERT([decimal](12, 2),1.50), N'dia.', '20140707 15:14:13.613', '20140707 15:14:13.613', 1000,  N'USA', N'Instock365', NULL, N'glass', NULL, NULL, 1000, N'Essential Oils', N'', 
					    N'Oils04.png', N'Oils04.png', N'Oils04.png', CONVERT([decimal](15, 3),0.250), CONVERT([decimal](15, 3),12.000), NULL, CONVERT([decimal](15, 3),18.000), NULL, CONVERT([decimal](15, 3),24.000), NULL, CONVERT([decimal](15, 3),48.000), NULL, NULL, NULL, NULL, NULL, NULL, NULL, NULL, NULL, NULL, NULL, NULL, NULL, NULL, 0, 0, 0, 0, 0, 0, CONVERT([decimal](4, 2),0.00), 0, NULL, CONVERT([decimal](6, 3),4.000), 10, NULL, 0, CONVERT([decimal](4, 2),5.00), 1200, 1150, 50, 0, 0, 0, NULL)

INSERT INTO [dbo].[Product] ([ProductID], [ManfID], [ShortTitle], [ProductManufacturer], [MinimumUnit], [UnitCost], [NbrReviews], [AvgRating], [ManfProdID], [ProdWeight], [ProdWeightUnit], [ProdHeight], [ProdHeightUnit], [ProdLength], [ProdLengthUnit], [LastModDate], [CreateDate], [QtyAvail], [type], [brand], [colors], [materials], [attributes], [upc], [inventory], [category], [subcategory], [image_small], [image_medium], [image_large], [item_weight], [tier_pack_1], [tier_price_1], [tier_pack_2], [tier_price_2], [tier_pack_3], [tier_price_3], [tier_pack_4], [tier_price_4], [case_pack], [case_pack_price], [on_sale], [sale_begins], [sale_ends], [QtySold7days], [QtySold14days], [QtySold30days], [QtySold60days], [QtySold90days], [QtySold180days], [QtySoldYear], [QtySoldToday], [StarTotalVotes], [Star1], [Star2], [Star3], [Star4], [Star5], [StarAvglVotes], [MadeInUSA], [Dimensions], [MarkupPct], [reorderQty], [Sizes], [EligibleForFreeSHipping], [Rating], [NbrRatings], [Vote1], [Vote2], [Vote3], [Vote4], [Vote5], [DefaultImageURL]) VALUES 
                             (N'Oil-50', N'NCHOICE', N'4oz. Oil of Spearmint', N'Nature''s Choice', N'1', CONVERT([decimal](10, 2),29.95), 1024, CONVERT([decimal](3, 2),4.90), N'CS8OZBL', CONVERT([decimal](12, 2),4.00), N'oz.', CONVERT([decimal](10, 2),4.00), N'in.', CONVERT([decimal](12, 2),1.50), N'dia.', '20140707 15:14:13.613', '20140707 15:14:13.613', 1000,  N'USA', N'Instock365', NULL, N'glass', NULL, NULL, 1000, N'Essential Oils', N'', 
					    N'Oils05.png', N'Oils05.png', N'Oils05.png', CONVERT([decimal](15, 3),0.250), CONVERT([decimal](15, 3),12.000), NULL, CONVERT([decimal](15, 3),18.000), NULL, CONVERT([decimal](15, 3),24.000), NULL, CONVERT([decimal](15, 3),48.000), NULL, NULL, NULL, NULL, NULL, NULL, NULL, NULL, NULL, NULL, NULL, NULL, NULL, NULL, 0, 0, 0, 0, 0, 0, CONVERT([decimal](4, 2),0.00), 0, NULL, CONVERT([decimal](6, 3),4.000), 10, NULL, 0, CONVERT([decimal](4, 2),5.00), 1200, 1150, 50, 0, 0, 0, NULL)

INSERT INTO [dbo].[Product] ([ProductID], [ManfID], [ShortTitle], [ProductManufacturer], [MinimumUnit], [UnitCost], [NbrReviews], [AvgRating], [ManfProdID], [ProdWeight], [ProdWeightUnit], [ProdHeight], [ProdHeightUnit], [ProdLength], [ProdLengthUnit], [LastModDate], [CreateDate], [QtyAvail], [type], [brand], [colors], [materials], [attributes], [upc], [inventory], [category], [subcategory], [image_small], [image_medium], [image_large], [item_weight], [tier_pack_1], [tier_price_1], [tier_pack_2], [tier_price_2], [tier_pack_3], [tier_price_3], [tier_pack_4], [tier_price_4], [case_pack], [case_pack_price], [on_sale], [sale_begins], [sale_ends], [QtySold7days], [QtySold14days], [QtySold30days], [QtySold60days], [QtySold90days], [QtySold180days], [QtySoldYear], [QtySoldToday], [StarTotalVotes], [Star1], [Star2], [Star3], [Star4], [Star5], [StarAvglVotes], [MadeInUSA], [Dimensions], [MarkupPct], [reorderQty], [Sizes], [EligibleForFreeSHipping], [Rating], [NbrRatings], [Vote1], [Vote2], [Vote3], [Vote4], [Vote5], [DefaultImageURL]) VALUES 
                             (N'Oil-60', N'NCHOICE', N'4oz. Mountain Breeze', N'Nature''s Choice', N'1', CONVERT([decimal](10, 2),29.95), 1024, CONVERT([decimal](3, 2),4.90), N'CS8OZBL', CONVERT([decimal](12, 2),4.00), N'oz.', CONVERT([decimal](10, 2),4.00), N'in.', CONVERT([decimal](12, 2),1.50), N'dia.', '20140707 15:14:13.613', '20140707 15:14:13.613', 1000,  N'USA', N'Instock365', NULL, N'glass', NULL, NULL, 1000, N'Essential Oils', N'', 
					    N'Oils06.png', N'Oils06.png', N'Oils06.png', CONVERT([decimal](15, 3),0.250), CONVERT([decimal](15, 3),12.000), NULL, CONVERT([decimal](15, 3),18.000), NULL, CONVERT([decimal](15, 3),24.000), NULL, CONVERT([decimal](15, 3),48.000), NULL, NULL, NULL, NULL, NULL, NULL, NULL, NULL, NULL, NULL, NULL, NULL, NULL, NULL, 0, 0, 0, 0, 0, 0, CONVERT([decimal](4, 2),0.00), 0, NULL, CONVERT([decimal](6, 3),4.000), 10, NULL, 0, CONVERT([decimal](4, 2),5.00), 1200, 1150, 50, 0, 0, 0, NULL)

INSERT INTO [dbo].[Product] ([ProductID], [ManfID], [ShortTitle], [ProductManufacturer], [MinimumUnit], [UnitCost], [NbrReviews], [AvgRating], [ManfProdID], [ProdWeight], [ProdWeightUnit], [ProdHeight], [ProdHeightUnit], [ProdLength], [ProdLengthUnit], [LastModDate], [CreateDate], [QtyAvail], [type], [brand], [colors], [materials], [attributes], [upc], [inventory], [category], [subcategory], [image_small], [image_medium], [image_large], [item_weight], [tier_pack_1], [tier_price_1], [tier_pack_2], [tier_price_2], [tier_pack_3], [tier_price_3], [tier_pack_4], [tier_price_4], [case_pack], [case_pack_price], [on_sale], [sale_begins], [sale_ends], [QtySold7days], [QtySold14days], [QtySold30days], [QtySold60days], [QtySold90days], [QtySold180days], [QtySoldYear], [QtySoldToday], [StarTotalVotes], [Star1], [Star2], [Star3], [Star4], [Star5], [StarAvglVotes], [MadeInUSA], [Dimensions], [MarkupPct], [reorderQty], [Sizes], [EligibleForFreeSHipping], [Rating], [NbrRatings], [Vote1], [Vote2], [Vote3], [Vote4], [Vote5], [DefaultImageURL]) VALUES 
                             (N'Oil-70', N'NCHOICE', N'4oz. Clear Snow', N'Nature''s Choice', N'1', CONVERT([decimal](10, 2),29.95), 1024, CONVERT([decimal](3, 2),4.90), N'CS8OZBL', CONVERT([decimal](12, 2),4.00), N'oz.', CONVERT([decimal](10, 2),4.00), N'in.', CONVERT([decimal](12, 2),1.50), N'dia.', '20140707 15:14:13.613', '20140707 15:14:13.613', 1000,  N'USA', N'Instock365', NULL, N'glass', NULL, NULL, 1000, N'Essential Oils', N'', 
					    N'Oils07.png', N'Oils07.png', N'Oils07.png', CONVERT([decimal](15, 3),0.250), CONVERT([decimal](15, 3),12.000), NULL, CONVERT([decimal](15, 3),18.000), NULL, CONVERT([decimal](15, 3),24.000), NULL, CONVERT([decimal](15, 3),48.000), NULL, NULL, NULL, NULL, NULL, NULL, NULL, NULL, NULL, NULL, NULL, NULL, NULL, NULL, 0, 0, 0, 0, 0, 0, CONVERT([decimal](4, 2),0.00), 0, NULL, CONVERT([decimal](6, 3),4.000), 10, NULL, 0, CONVERT([decimal](4, 2),5.00), 1200, 1150, 50, 0, 0, 0, NULL)

INSERT INTO [dbo].[Product] ([ProductID], [ManfID], [ShortTitle], [ProductManufacturer], [MinimumUnit], [UnitCost], [NbrReviews], [AvgRating], [ManfProdID], [ProdWeight], [ProdWeightUnit], [ProdHeight], [ProdHeightUnit], [ProdLength], [ProdLengthUnit], [LastModDate], [CreateDate], [QtyAvail], [type], [brand], [colors], [materials], [attributes], [upc], [inventory], [category], [subcategory], [image_small], [image_medium], [image_large], [item_weight], [tier_pack_1], [tier_price_1], [tier_pack_2], [tier_price_2], [tier_pack_3], [tier_price_3], [tier_pack_4], [tier_price_4], [case_pack], [case_pack_price], [on_sale], [sale_begins], [sale_ends], [QtySold7days], [QtySold14days], [QtySold30days], [QtySold60days], [QtySold90days], [QtySold180days], [QtySoldYear], [QtySoldToday], [StarTotalVotes], [Star1], [Star2], [Star3], [Star4], [Star5], [StarAvglVotes], [MadeInUSA], [Dimensions], [MarkupPct], [reorderQty], [Sizes], [EligibleForFreeSHipping], [Rating], [NbrRatings], [Vote1], [Vote2], [Vote3], [Vote4], [Vote5], [DefaultImageURL]) VALUES 
                             (N'Oil-80', N'NCHOICE', N'4oz. Clear Musk Oil', N'Nature''s Choice', N'1', CONVERT([decimal](10, 2),29.95), 1024, CONVERT([decimal](3, 2),4.90), N'CS8OZBL', CONVERT([decimal](12, 2),4.00), N'oz.', CONVERT([decimal](10, 2),4.00), N'in.', CONVERT([decimal](12, 2),1.50), N'dia.', '20140707 15:14:13.613', '20140707 15:14:13.613', 1000,  N'USA', N'Instock365', NULL, N'glass', NULL, NULL, 1000, N'Essential Oils', N'', 
					    N'Oils08.png', N'Oils08.png', N'Oils08.png', CONVERT([decimal](15, 3),0.250), CONVERT([decimal](15, 3),12.000), NULL, CONVERT([decimal](15, 3),18.000), NULL, CONVERT([decimal](15, 3),24.000), NULL, CONVERT([decimal](15, 3),48.000), NULL, NULL, NULL, NULL, NULL, NULL, NULL, NULL, NULL, NULL, NULL, NULL, NULL, NULL, 0, 0, 0, 0, 0, 0, CONVERT([decimal](4, 2),0.00), 0, NULL, CONVERT([decimal](6, 3),4.000), 10, NULL, 0, CONVERT([decimal](4, 2),5.00), 1200, 1150, 50, 0, 0, 0, NULL)


INSERT INTO [dbo].[Product] ([ProductID], [ManfID], [ShortTitle], [ProductManufacturer], [MinimumUnit], [UnitCost], [NbrReviews], [AvgRating], [ManfProdID], [ProdWeight], [ProdWeightUnit], [ProdHeight], [ProdHeightUnit], [ProdLength], [ProdLengthUnit], [LastModDate], [CreateDate], [QtyAvail], [type], [brand], [colors], [materials], [attributes], [upc], [inventory], [category], [subcategory], [image_small], [image_medium], [image_large], [item_weight], [tier_pack_1], [tier_price_1], [tier_pack_2], [tier_price_2], [tier_pack_3], [tier_price_3], [tier_pack_4], [tier_price_4], [case_pack], [case_pack_price], [on_sale], [sale_begins], [sale_ends], [QtySold7days], [QtySold14days], [QtySold30days], [QtySold60days], [QtySold90days], [QtySold180days], [QtySoldYear], [QtySoldToday], [StarTotalVotes], [Star1], [Star2], [Star3], [Star4], [Star5], [StarAvglVotes], [MadeInUSA], [Dimensions], [MarkupPct], [reorderQty], [Sizes], [EligibleForFreeSHipping], [Rating], [NbrRatings], [Vote1], [Vote2], [Vote3], [Vote4], [Vote5], [DefaultImageURL]) VALUES 
                             (N'Oil-110', N'NCHOICE', N'2oz. Fresh Scent ', N'Nature''s Choice', N'1', CONVERT([decimal](10, 2),29.95), 1024, CONVERT([decimal](3, 2),4.90), N'CS8OZBL', CONVERT([decimal](12, 2),4.00), N'oz.', CONVERT([decimal](10, 2),4.00), N'in.', CONVERT([decimal](12, 2),1.50), N'dia.', '20140707 15:14:13.613', '20140707 15:14:13.613', 1000,  N'USA', N'Instock365', NULL, N'glass', NULL, NULL, 1000, N'Essential Oils', N'', 
					    N'Oils01.png', N'Oils01.png', N'Oils01.png', CONVERT([decimal](15, 3),0.250), CONVERT([decimal](15, 3),12.000), NULL, CONVERT([decimal](15, 3),18.000), NULL, CONVERT([decimal](15, 3),24.000), NULL, CONVERT([decimal](15, 3),48.000), NULL, NULL, NULL, NULL, NULL, NULL, NULL, NULL, NULL, NULL, NULL, NULL, NULL, NULL, 0, 0, 0, 0, 0, 0, CONVERT([decimal](4, 2),0.00), 0, NULL, CONVERT([decimal](6, 3),4.000), 10, NULL, 0, CONVERT([decimal](4, 2),5.00), 1200, 1150, 50, 0, 0, 0, NULL)

INSERT INTO [dbo].[Product] ([ProductID], [ManfID], [ShortTitle], [ProductManufacturer], [MinimumUnit], [UnitCost], [NbrReviews], [AvgRating], [ManfProdID], [ProdWeight], [ProdWeightUnit], [ProdHeight], [ProdHeightUnit], [ProdLength], [ProdLengthUnit], [LastModDate], [CreateDate], [QtyAvail], [type], [brand], [colors], [materials], [attributes], [upc], [inventory], [category], [subcategory], [image_small], [image_medium], [image_large], [item_weight], [tier_pack_1], [tier_price_1], [tier_pack_2], [tier_price_2], [tier_pack_3], [tier_price_3], [tier_pack_4], [tier_price_4], [case_pack], [case_pack_price], [on_sale], [sale_begins], [sale_ends], [QtySold7days], [QtySold14days], [QtySold30days], [QtySold60days], [QtySold90days], [QtySold180days], [QtySoldYear], [QtySoldToday], [StarTotalVotes], [Star1], [Star2], [Star3], [Star4], [Star5], [StarAvglVotes], [MadeInUSA], [Dimensions], [MarkupPct], [reorderQty], [Sizes], [EligibleForFreeSHipping], [Rating], [NbrRatings], [Vote1], [Vote2], [Vote3], [Vote4], [Vote5], [DefaultImageURL]) VALUES 
                             (N'Oil-120', N'NCHOICE', N'2oz. Jasmine', N'Nature''s Choice', N'1', CONVERT([decimal](10, 2),29.95), 1024, CONVERT([decimal](3, 2),4.90), N'CS8OZBL', CONVERT([decimal](12, 2),4.00), N'oz.', CONVERT([decimal](10, 2),4.00), N'in.', CONVERT([decimal](12, 2),1.50), N'dia.', '20140707 15:14:13.613', '20140707 15:14:13.613', 1000,  N'USA', N'Instock365', NULL, N'glass', NULL, NULL, 1000, N'Essential Oils', N'', 
					    N'Oils02.png', N'Oils02.png', N'Oils02.png', CONVERT([decimal](15, 3),0.250), CONVERT([decimal](15, 3),12.000), NULL, CONVERT([decimal](15, 3),18.000), NULL, CONVERT([decimal](15, 3),24.000), NULL, CONVERT([decimal](15, 3),48.000), NULL, NULL, NULL, NULL, NULL, NULL, NULL, NULL, NULL, NULL, NULL, NULL, NULL, NULL, 0, 0, 0, 0, 0, 0, CONVERT([decimal](4, 2),0.00), 0, NULL, CONVERT([decimal](6, 3),4.000), 10, NULL, 0, CONVERT([decimal](4, 2),5.00), 1200, 1150, 50, 0, 0, 0, NULL)

INSERT INTO [dbo].[Product] ([ProductID], [ManfID], [ShortTitle], [ProductManufacturer], [MinimumUnit], [UnitCost], [NbrReviews], [AvgRating], [ManfProdID], [ProdWeight], [ProdWeightUnit], [ProdHeight], [ProdHeightUnit], [ProdLength], [ProdLengthUnit], [LastModDate], [CreateDate], [QtyAvail], [type], [brand], [colors], [materials], [attributes], [upc], [inventory], [category], [subcategory], [image_small], [image_medium], [image_large], [item_weight], [tier_pack_1], [tier_price_1], [tier_pack_2], [tier_price_2], [tier_pack_3], [tier_price_3], [tier_pack_4], [tier_price_4], [case_pack], [case_pack_price], [on_sale], [sale_begins], [sale_ends], [QtySold7days], [QtySold14days], [QtySold30days], [QtySold60days], [QtySold90days], [QtySold180days], [QtySoldYear], [QtySoldToday], [StarTotalVotes], [Star1], [Star2], [Star3], [Star4], [Star5], [StarAvglVotes], [MadeInUSA], [Dimensions], [MarkupPct], [reorderQty], [Sizes], [EligibleForFreeSHipping], [Rating], [NbrRatings], [Vote1], [Vote2], [Vote3], [Vote4], [Vote5], [DefaultImageURL]) VALUES 
                             (N'Oil-130', N'NCHOICE', N'2oz. Purple Velvet', N'Nature''s Choice', N'1', CONVERT([decimal](10, 2),29.95), 1024, CONVERT([decimal](3, 2),4.90), N'CS8OZBL', CONVERT([decimal](12, 2),4.00), N'oz.', CONVERT([decimal](10, 2),4.00), N'in.', CONVERT([decimal](12, 2),1.50), N'dia.', '20140707 15:14:13.613', '20140707 15:14:13.613', 1000,  N'USA', N'Instock365', NULL, N'glass', NULL, NULL, 1000, N'Essential Oils', N'', 
					    N'Oils03.png', N'Oils03.png', N'Oils03.png', CONVERT([decimal](15, 3),0.250), CONVERT([decimal](15, 3),12.000), NULL, CONVERT([decimal](15, 3),18.000), NULL, CONVERT([decimal](15, 3),24.000), NULL, CONVERT([decimal](15, 3),48.000), NULL, NULL, NULL, NULL, NULL, NULL, NULL, NULL, NULL, NULL, NULL, NULL, NULL, NULL, 0, 0, 0, 0, 0, 0, CONVERT([decimal](4, 2),0.00), 0, NULL, CONVERT([decimal](6, 3),4.000), 10, NULL, 0, CONVERT([decimal](4, 2),5.00), 1200, 1150, 50, 0, 0, 0, NULL)

INSERT INTO [dbo].[Product] ([ProductID], [ManfID], [ShortTitle], [ProductManufacturer], [MinimumUnit], [UnitCost], [NbrReviews], [AvgRating], [ManfProdID], [ProdWeight], [ProdWeightUnit], [ProdHeight], [ProdHeightUnit], [ProdLength], [ProdLengthUnit], [LastModDate], [CreateDate], [QtyAvail], [type], [brand], [colors], [materials], [attributes], [upc], [inventory], [category], [subcategory], [image_small], [image_medium], [image_large], [item_weight], [tier_pack_1], [tier_price_1], [tier_pack_2], [tier_price_2], [tier_pack_3], [tier_price_3], [tier_pack_4], [tier_price_4], [case_pack], [case_pack_price], [on_sale], [sale_begins], [sale_ends], [QtySold7days], [QtySold14days], [QtySold30days], [QtySold60days], [QtySold90days], [QtySold180days], [QtySoldYear], [QtySoldToday], [StarTotalVotes], [Star1], [Star2], [Star3], [Star4], [Star5], [StarAvglVotes], [MadeInUSA], [Dimensions], [MarkupPct], [reorderQty], [Sizes], [EligibleForFreeSHipping], [Rating], [NbrRatings], [Vote1], [Vote2], [Vote3], [Vote4], [Vote5], [DefaultImageURL]) VALUES 
                             (N'Oil-140', N'NCHOICE', N'4oz. Natural Wintergreen', N'Nature''s Choice', N'1', CONVERT([decimal](10, 2),29.95), 1024, CONVERT([decimal](3, 2),4.90), N'CS8OZBL', CONVERT([decimal](12, 2),4.00), N'oz.', CONVERT([decimal](10, 2),4.00), N'in.', CONVERT([decimal](12, 2),1.50), N'dia.', '20140707 15:14:13.613', '20140707 15:14:13.613', 1000,  N'USA', N'Instock365', NULL, N'glass', NULL, NULL, 1000, N'Essential Oils', N'', 
					    N'Oils04.png', N'Oils04.png', N'Oils04.png', CONVERT([decimal](15, 3),0.250), CONVERT([decimal](15, 3),12.000), NULL, CONVERT([decimal](15, 3),18.000), NULL, CONVERT([decimal](15, 3),24.000), NULL, CONVERT([decimal](15, 3),48.000), NULL, NULL, NULL, NULL, NULL, NULL, NULL, NULL, NULL, NULL, NULL, NULL, NULL, NULL, 0, 0, 0, 0, 0, 0, CONVERT([decimal](4, 2),0.00), 0, NULL, CONVERT([decimal](6, 3),4.000), 10, NULL, 0, CONVERT([decimal](4, 2),5.00), 1200, 1150, 50, 0, 0, 0, NULL)

INSERT INTO [dbo].[Product] ([ProductID], [ManfID], [ShortTitle], [ProductManufacturer], [MinimumUnit], [UnitCost], [NbrReviews], [AvgRating], [ManfProdID], [ProdWeight], [ProdWeightUnit], [ProdHeight], [ProdHeightUnit], [ProdLength], [ProdLengthUnit], [LastModDate], [CreateDate], [QtyAvail], [type], [brand], [colors], [materials], [attributes], [upc], [inventory], [category], [subcategory], [image_small], [image_medium], [image_large], [item_weight], [tier_pack_1], [tier_price_1], [tier_pack_2], [tier_price_2], [tier_pack_3], [tier_price_3], [tier_pack_4], [tier_price_4], [case_pack], [case_pack_price], [on_sale], [sale_begins], [sale_ends], [QtySold7days], [QtySold14days], [QtySold30days], [QtySold60days], [QtySold90days], [QtySold180days], [QtySoldYear], [QtySoldToday], [StarTotalVotes], [Star1], [Star2], [Star3], [Star4], [Star5], [StarAvglVotes], [MadeInUSA], [Dimensions], [MarkupPct], [reorderQty], [Sizes], [EligibleForFreeSHipping], [Rating], [NbrRatings], [Vote1], [Vote2], [Vote3], [Vote4], [Vote5], [DefaultImageURL]) VALUES 
                             (N'Oil-150', N'NCHOICE', N'4oz. Oil of Spearmint', N'Nature''s Choice', N'1', CONVERT([decimal](10, 2),29.95), 1024, CONVERT([decimal](3, 2),4.90), N'CS8OZBL', CONVERT([decimal](12, 2),4.00), N'oz.', CONVERT([decimal](10, 2),4.00), N'in.', CONVERT([decimal](12, 2),1.50), N'dia.', '20140707 15:14:13.613', '20140707 15:14:13.613', 1000,  N'USA', N'Instock365', NULL, N'glass', NULL, NULL, 1000, N'Essential Oils', N'', 
					    N'Oils05.png', N'Oils05.png', N'Oils05.png', CONVERT([decimal](15, 3),0.250), CONVERT([decimal](15, 3),12.000), NULL, CONVERT([decimal](15, 3),18.000), NULL, CONVERT([decimal](15, 3),24.000), NULL, CONVERT([decimal](15, 3),48.000), NULL, NULL, NULL, NULL, NULL, NULL, NULL, NULL, NULL, NULL, NULL, NULL, NULL, NULL, 0, 0, 0, 0, 0, 0, CONVERT([decimal](4, 2),0.00), 0, NULL, CONVERT([decimal](6, 3),4.000), 10, NULL, 0, CONVERT([decimal](4, 2),5.00), 1200, 1150, 50, 0, 0, 0, NULL)

INSERT INTO [dbo].[Product] ([ProductID], [ManfID], [ShortTitle], [ProductManufacturer], [MinimumUnit], [UnitCost], [NbrReviews], [AvgRating], [ManfProdID], [ProdWeight], [ProdWeightUnit], [ProdHeight], [ProdHeightUnit], [ProdLength], [ProdLengthUnit], [LastModDate], [CreateDate], [QtyAvail], [type], [brand], [colors], [materials], [attributes], [upc], [inventory], [category], [subcategory], [image_small], [image_medium], [image_large], [item_weight], [tier_pack_1], [tier_price_1], [tier_pack_2], [tier_price_2], [tier_pack_3], [tier_price_3], [tier_pack_4], [tier_price_4], [case_pack], [case_pack_price], [on_sale], [sale_begins], [sale_ends], [QtySold7days], [QtySold14days], [QtySold30days], [QtySold60days], [QtySold90days], [QtySold180days], [QtySoldYear], [QtySoldToday], [StarTotalVotes], [Star1], [Star2], [Star3], [Star4], [Star5], [StarAvglVotes], [MadeInUSA], [Dimensions], [MarkupPct], [reorderQty], [Sizes], [EligibleForFreeSHipping], [Rating], [NbrRatings], [Vote1], [Vote2], [Vote3], [Vote4], [Vote5], [DefaultImageURL]) VALUES 
                             (N'Oil-160', N'NCHOICE', N'4oz. Mountain Breeze', N'Nature''s Choice', N'1', CONVERT([decimal](10, 2),29.95), 1024, CONVERT([decimal](3, 2),4.90), N'CS8OZBL', CONVERT([decimal](12, 2),4.00), N'oz.', CONVERT([decimal](10, 2),4.00), N'in.', CONVERT([decimal](12, 2),1.50), N'dia.', '20140707 15:14:13.613', '20140707 15:14:13.613', 1000,  N'USA', N'Instock365', NULL, N'glass', NULL, NULL, 1000, N'Essential Oils', N'', 
					    N'Oils06.png', N'Oils06.png', N'Oils06.png', CONVERT([decimal](15, 3),0.250), CONVERT([decimal](15, 3),12.000), NULL, CONVERT([decimal](15, 3),18.000), NULL, CONVERT([decimal](15, 3),24.000), NULL, CONVERT([decimal](15, 3),48.000), NULL, NULL, NULL, NULL, NULL, NULL, NULL, NULL, NULL, NULL, NULL, NULL, NULL, NULL, 0, 0, 0, 0, 0, 0, CONVERT([decimal](4, 2),0.00), 0, NULL, CONVERT([decimal](6, 3),4.000), 10, NULL, 0, CONVERT([decimal](4, 2),5.00), 1200, 1150, 50, 0, 0, 0, NULL)

INSERT INTO [dbo].[Product] ([ProductID], [ManfID], [ShortTitle], [ProductManufacturer], [MinimumUnit], [UnitCost], [NbrReviews], [AvgRating], [ManfProdID], [ProdWeight], [ProdWeightUnit], [ProdHeight], [ProdHeightUnit], [ProdLength], [ProdLengthUnit], [LastModDate], [CreateDate], [QtyAvail], [type], [brand], [colors], [materials], [attributes], [upc], [inventory], [category], [subcategory], [image_small], [image_medium], [image_large], [item_weight], [tier_pack_1], [tier_price_1], [tier_pack_2], [tier_price_2], [tier_pack_3], [tier_price_3], [tier_pack_4], [tier_price_4], [case_pack], [case_pack_price], [on_sale], [sale_begins], [sale_ends], [QtySold7days], [QtySold14days], [QtySold30days], [QtySold60days], [QtySold90days], [QtySold180days], [QtySoldYear], [QtySoldToday], [StarTotalVotes], [Star1], [Star2], [Star3], [Star4], [Star5], [StarAvglVotes], [MadeInUSA], [Dimensions], [MarkupPct], [reorderQty], [Sizes], [EligibleForFreeSHipping], [Rating], [NbrRatings], [Vote1], [Vote2], [Vote3], [Vote4], [Vote5], [DefaultImageURL]) VALUES 
                             (N'Oil-170', N'NCHOICE', N'4oz. Clear Snow', N'Nature''s Choice', N'1', CONVERT([decimal](10, 2),29.95), 1024, CONVERT([decimal](3, 2),4.90), N'CS8OZBL', CONVERT([decimal](12, 2),4.00), N'oz.', CONVERT([decimal](10, 2),4.00), N'in.', CONVERT([decimal](12, 2),1.50), N'dia.', '20140707 15:14:13.613', '20140707 15:14:13.613', 1000,  N'USA', N'Instock365', NULL, N'glass', NULL, NULL, 1000, N'Essential Oils', N'', 
					    N'Oils07.png', N'Oils07.png', N'Oils07.png', CONVERT([decimal](15, 3),0.250), CONVERT([decimal](15, 3),12.000), NULL, CONVERT([decimal](15, 3),18.000), NULL, CONVERT([decimal](15, 3),24.000), NULL, CONVERT([decimal](15, 3),48.000), NULL, NULL, NULL, NULL, NULL, NULL, NULL, NULL, NULL, NULL, NULL, NULL, NULL, NULL, 0, 0, 0, 0, 0, 0, CONVERT([decimal](4, 2),0.00), 0, NULL, CONVERT([decimal](6, 3),4.000), 10, NULL, 0, CONVERT([decimal](4, 2),5.00), 1200, 1150, 50, 0, 0, 0, NULL)

INSERT INTO [dbo].[Product] ([ProductID], [ManfID], [ShortTitle], [ProductManufacturer], [MinimumUnit], [UnitCost], [NbrReviews], [AvgRating], [ManfProdID], [ProdWeight], [ProdWeightUnit], [ProdHeight], [ProdHeightUnit], [ProdLength], [ProdLengthUnit], [LastModDate], [CreateDate], [QtyAvail], [type], [brand], [colors], [materials], [attributes], [upc], [inventory], [category], [subcategory], [image_small], [image_medium], [image_large], [item_weight], [tier_pack_1], [tier_price_1], [tier_pack_2], [tier_price_2], [tier_pack_3], [tier_price_3], [tier_pack_4], [tier_price_4], [case_pack], [case_pack_price], [on_sale], [sale_begins], [sale_ends], [QtySold7days], [QtySold14days], [QtySold30days], [QtySold60days], [QtySold90days], [QtySold180days], [QtySoldYear], [QtySoldToday], [StarTotalVotes], [Star1], [Star2], [Star3], [Star4], [Star5], [StarAvglVotes], [MadeInUSA], [Dimensions], [MarkupPct], [reorderQty], [Sizes], [EligibleForFreeSHipping], [Rating], [NbrRatings], [Vote1], [Vote2], [Vote3], [Vote4], [Vote5], [DefaultImageURL]) VALUES 
                             (N'Oil-180', N'NCHOICE', N'4oz. Clear Musk Oil', N'Nature''s Choice', N'1', CONVERT([decimal](10, 2),29.95), 1024, CONVERT([decimal](3, 2),4.90), N'CS8OZBL', CONVERT([decimal](12, 2),4.00), N'oz.', CONVERT([decimal](10, 2),4.00), N'in.', CONVERT([decimal](12, 2),1.50), N'dia.', '20140707 15:14:13.613', '20140707 15:14:13.613', 1000,  N'USA', N'Instock365', NULL, N'glass', NULL, NULL, 1000, N'Essential Oils', N'', 
					    N'Oils08.png', N'Oils08.png', N'Oils08.png', CONVERT([decimal](15, 3),0.250), CONVERT([decimal](15, 3),12.000), NULL, CONVERT([decimal](15, 3),18.000), NULL, CONVERT([decimal](15, 3),24.000), NULL, CONVERT([decimal](15, 3),48.000), NULL, NULL, NULL, NULL, NULL, NULL, NULL, NULL, NULL, NULL, NULL, NULL, NULL, NULL, 0, 0, 0, 0, 0, 0, CONVERT([decimal](4, 2),0.00), 0, NULL, CONVERT([decimal](6, 3),4.000), 10, NULL, 0, CONVERT([decimal](4, 2),5.00), 1200, 1150, 50, 0, 0, 0, NULL)


INSERT INTO [dbo].[Product] ([ProductID], [ManfID], [ShortTitle], [ProductManufacturer], [MinimumUnit], [UnitCost], [NbrReviews], [AvgRating], [ManfProdID], [ProdWeight], [ProdWeightUnit], [ProdHeight], [ProdHeightUnit], [ProdLength], [ProdLengthUnit], [LastModDate], [CreateDate], [QtyAvail], [type], [brand], [colors], [materials], [attributes], [upc], [inventory], [category], [subcategory], [image_small], [image_medium], [image_large], [item_weight], [tier_pack_1], [tier_price_1], [tier_pack_2], [tier_price_2], [tier_pack_3], [tier_price_3], [tier_pack_4], [tier_price_4], [case_pack], [case_pack_price], [on_sale], [sale_begins], [sale_ends], [QtySold7days], [QtySold14days], [QtySold30days], [QtySold60days], [QtySold90days], [QtySold180days], [QtySoldYear], [QtySoldToday], [StarTotalVotes], [Star1], [Star2], [Star3], [Star4], [Star5], [StarAvglVotes], [MadeInUSA], [Dimensions], [MarkupPct], [reorderQty], [Sizes], [EligibleForFreeSHipping], [Rating], [NbrRatings], [Vote1], [Vote2], [Vote3], [Vote4], [Vote5], [DefaultImageURL]) VALUES 
                             (N'Oil-210', N'NCHOICE', N'2oz. Fresh Scent ', N'Nature''s Choice', N'1', CONVERT([decimal](10, 2),29.95), 1024, CONVERT([decimal](3, 2),4.90), N'CS8OZBL', CONVERT([decimal](12, 2),4.00), N'oz.', CONVERT([decimal](10, 2),4.00), N'in.', CONVERT([decimal](12, 2),1.50), N'dia.', '20140707 15:14:13.613', '20140707 15:14:13.613', 1000,  N'USA', N'Instock365', NULL, N'glass', NULL, NULL, 1000, N'Essential Oils', N'', 
					    N'Oils01.png', N'Oils01.png', N'Oils01.png', CONVERT([decimal](15, 3),0.250), CONVERT([decimal](15, 3),12.000), NULL, CONVERT([decimal](15, 3),18.000), NULL, CONVERT([decimal](15, 3),24.000), NULL, CONVERT([decimal](15, 3),48.000), NULL, NULL, NULL, NULL, NULL, NULL, NULL, NULL, NULL, NULL, NULL, NULL, NULL, NULL, 0, 0, 0, 0, 0, 0, CONVERT([decimal](4, 2),0.00), 0, NULL, CONVERT([decimal](6, 3),4.000), 10, NULL, 0, CONVERT([decimal](4, 2),5.00), 1200, 1150, 50, 0, 0, 0, NULL)

INSERT INTO [dbo].[Product] ([ProductID], [ManfID], [ShortTitle], [ProductManufacturer], [MinimumUnit], [UnitCost], [NbrReviews], [AvgRating], [ManfProdID], [ProdWeight], [ProdWeightUnit], [ProdHeight], [ProdHeightUnit], [ProdLength], [ProdLengthUnit], [LastModDate], [CreateDate], [QtyAvail], [type], [brand], [colors], [materials], [attributes], [upc], [inventory], [category], [subcategory], [image_small], [image_medium], [image_large], [item_weight], [tier_pack_1], [tier_price_1], [tier_pack_2], [tier_price_2], [tier_pack_3], [tier_price_3], [tier_pack_4], [tier_price_4], [case_pack], [case_pack_price], [on_sale], [sale_begins], [sale_ends], [QtySold7days], [QtySold14days], [QtySold30days], [QtySold60days], [QtySold90days], [QtySold180days], [QtySoldYear], [QtySoldToday], [StarTotalVotes], [Star1], [Star2], [Star3], [Star4], [Star5], [StarAvglVotes], [MadeInUSA], [Dimensions], [MarkupPct], [reorderQty], [Sizes], [EligibleForFreeSHipping], [Rating], [NbrRatings], [Vote1], [Vote2], [Vote3], [Vote4], [Vote5], [DefaultImageURL]) VALUES 
                             (N'Oil-220', N'NCHOICE', N'2oz. Jasmine', N'Nature''s Choice', N'1', CONVERT([decimal](10, 2),29.95), 1024, CONVERT([decimal](3, 2),4.90), N'CS8OZBL', CONVERT([decimal](12, 2),4.00), N'oz.', CONVERT([decimal](10, 2),4.00), N'in.', CONVERT([decimal](12, 2),1.50), N'dia.', '20140707 15:14:13.613', '20140707 15:14:13.613', 1000,  N'USA', N'Instock365', NULL, N'glass', NULL, NULL, 1000, N'Essential Oils', N'', 
					    N'Oils02.png', N'Oils02.png', N'Oils02.png', CONVERT([decimal](15, 3),0.250), CONVERT([decimal](15, 3),12.000), NULL, CONVERT([decimal](15, 3),18.000), NULL, CONVERT([decimal](15, 3),24.000), NULL, CONVERT([decimal](15, 3),48.000), NULL, NULL, NULL, NULL, NULL, NULL, NULL, NULL, NULL, NULL, NULL, NULL, NULL, NULL, 0, 0, 0, 0, 0, 0, CONVERT([decimal](4, 2),0.00), 0, NULL, CONVERT([decimal](6, 3),4.000), 10, NULL, 0, CONVERT([decimal](4, 2),5.00), 1200, 1150, 50, 0, 0, 0, NULL)

INSERT INTO [dbo].[Product] ([ProductID], [ManfID], [ShortTitle], [ProductManufacturer], [MinimumUnit], [UnitCost], [NbrReviews], [AvgRating], [ManfProdID], [ProdWeight], [ProdWeightUnit], [ProdHeight], [ProdHeightUnit], [ProdLength], [ProdLengthUnit], [LastModDate], [CreateDate], [QtyAvail], [type], [brand], [colors], [materials], [attributes], [upc], [inventory], [category], [subcategory], [image_small], [image_medium], [image_large], [item_weight], [tier_pack_1], [tier_price_1], [tier_pack_2], [tier_price_2], [tier_pack_3], [tier_price_3], [tier_pack_4], [tier_price_4], [case_pack], [case_pack_price], [on_sale], [sale_begins], [sale_ends], [QtySold7days], [QtySold14days], [QtySold30days], [QtySold60days], [QtySold90days], [QtySold180days], [QtySoldYear], [QtySoldToday], [StarTotalVotes], [Star1], [Star2], [Star3], [Star4], [Star5], [StarAvglVotes], [MadeInUSA], [Dimensions], [MarkupPct], [reorderQty], [Sizes], [EligibleForFreeSHipping], [Rating], [NbrRatings], [Vote1], [Vote2], [Vote3], [Vote4], [Vote5], [DefaultImageURL]) VALUES 
                             (N'Oil-230', N'NCHOICE', N'2oz. Purple Velvet', N'Nature''s Choice', N'1', CONVERT([decimal](10, 2),29.95), 1024, CONVERT([decimal](3, 2),4.90), N'CS8OZBL', CONVERT([decimal](12, 2),4.00), N'oz.', CONVERT([decimal](10, 2),4.00), N'in.', CONVERT([decimal](12, 2),1.50), N'dia.', '20140707 15:14:13.613', '20140707 15:14:13.613', 1000,  N'USA', N'Instock365', NULL, N'glass', NULL, NULL, 1000, N'Essential Oils', N'', 
					    N'Oils03.png', N'Oils03.png', N'Oils03.png', CONVERT([decimal](15, 3),0.250), CONVERT([decimal](15, 3),12.000), NULL, CONVERT([decimal](15, 3),18.000), NULL, CONVERT([decimal](15, 3),24.000), NULL, CONVERT([decimal](15, 3),48.000), NULL, NULL, NULL, NULL, NULL, NULL, NULL, NULL, NULL, NULL, NULL, NULL, NULL, NULL, 0, 0, 0, 0, 0, 0, CONVERT([decimal](4, 2),0.00), 0, NULL, CONVERT([decimal](6, 3),4.000), 10, NULL, 0, CONVERT([decimal](4, 2),5.00), 1200, 1150, 50, 0, 0, 0, NULL)

INSERT INTO [dbo].[Product] ([ProductID], [ManfID], [ShortTitle], [ProductManufacturer], [MinimumUnit], [UnitCost], [NbrReviews], [AvgRating], [ManfProdID], [ProdWeight], [ProdWeightUnit], [ProdHeight], [ProdHeightUnit], [ProdLength], [ProdLengthUnit], [LastModDate], [CreateDate], [QtyAvail], [type], [brand], [colors], [materials], [attributes], [upc], [inventory], [category], [subcategory], [image_small], [image_medium], [image_large], [item_weight], [tier_pack_1], [tier_price_1], [tier_pack_2], [tier_price_2], [tier_pack_3], [tier_price_3], [tier_pack_4], [tier_price_4], [case_pack], [case_pack_price], [on_sale], [sale_begins], [sale_ends], [QtySold7days], [QtySold14days], [QtySold30days], [QtySold60days], [QtySold90days], [QtySold180days], [QtySoldYear], [QtySoldToday], [StarTotalVotes], [Star1], [Star2], [Star3], [Star4], [Star5], [StarAvglVotes], [MadeInUSA], [Dimensions], [MarkupPct], [reorderQty], [Sizes], [EligibleForFreeSHipping], [Rating], [NbrRatings], [Vote1], [Vote2], [Vote3], [Vote4], [Vote5], [DefaultImageURL]) VALUES 
                             (N'Oil-240', N'NCHOICE', N'4oz. Natural Wintergreen', N'Nature''s Choice', N'1', CONVERT([decimal](10, 2),29.95), 1024, CONVERT([decimal](3, 2),4.90), N'CS8OZBL', CONVERT([decimal](12, 2),4.00), N'oz.', CONVERT([decimal](10, 2),4.00), N'in.', CONVERT([decimal](12, 2),1.50), N'dia.', '20140707 15:14:13.613', '20140707 15:14:13.613', 1000,  N'USA', N'Instock365', NULL, N'glass', NULL, NULL, 1000, N'Essential Oils', N'', 
					    N'Oils04.png', N'Oils04.png', N'Oils04.png', CONVERT([decimal](15, 3),0.250), CONVERT([decimal](15, 3),12.000), NULL, CONVERT([decimal](15, 3),18.000), NULL, CONVERT([decimal](15, 3),24.000), NULL, CONVERT([decimal](15, 3),48.000), NULL, NULL, NULL, NULL, NULL, NULL, NULL, NULL, NULL, NULL, NULL, NULL, NULL, NULL, 0, 0, 0, 0, 0, 0, CONVERT([decimal](4, 2),0.00), 0, NULL, CONVERT([decimal](6, 3),4.000), 10, NULL, 0, CONVERT([decimal](4, 2),5.00), 1200, 1150, 50, 0, 0, 0, NULL)

INSERT INTO [dbo].[Product] ([ProductID], [ManfID], [ShortTitle], [ProductManufacturer], [MinimumUnit], [UnitCost], [NbrReviews], [AvgRating], [ManfProdID], [ProdWeight], [ProdWeightUnit], [ProdHeight], [ProdHeightUnit], [ProdLength], [ProdLengthUnit], [LastModDate], [CreateDate], [QtyAvail], [type], [brand], [colors], [materials], [attributes], [upc], [inventory], [category], [subcategory], [image_small], [image_medium], [image_large], [item_weight], [tier_pack_1], [tier_price_1], [tier_pack_2], [tier_price_2], [tier_pack_3], [tier_price_3], [tier_pack_4], [tier_price_4], [case_pack], [case_pack_price], [on_sale], [sale_begins], [sale_ends], [QtySold7days], [QtySold14days], [QtySold30days], [QtySold60days], [QtySold90days], [QtySold180days], [QtySoldYear], [QtySoldToday], [StarTotalVotes], [Star1], [Star2], [Star3], [Star4], [Star5], [StarAvglVotes], [MadeInUSA], [Dimensions], [MarkupPct], [reorderQty], [Sizes], [EligibleForFreeSHipping], [Rating], [NbrRatings], [Vote1], [Vote2], [Vote3], [Vote4], [Vote5], [DefaultImageURL]) VALUES 
                             (N'Oil-250', N'NCHOICE', N'4oz. Oil of Spearmint', N'Nature''s Choice', N'1', CONVERT([decimal](10, 2),29.95), 1024, CONVERT([decimal](3, 2),4.90), N'CS8OZBL', CONVERT([decimal](12, 2),4.00), N'oz.', CONVERT([decimal](10, 2),4.00), N'in.', CONVERT([decimal](12, 2),1.50), N'dia.', '20140707 15:14:13.613', '20140707 15:14:13.613', 1000,  N'USA', N'Instock365', NULL, N'glass', NULL, NULL, 1000, N'Essential Oils', N'', 
					    N'Oils05.png', N'Oils05.png', N'Oils05.png', CONVERT([decimal](15, 3),0.250), CONVERT([decimal](15, 3),12.000), NULL, CONVERT([decimal](15, 3),18.000), NULL, CONVERT([decimal](15, 3),24.000), NULL, CONVERT([decimal](15, 3),48.000), NULL, NULL, NULL, NULL, NULL, NULL, NULL, NULL, NULL, NULL, NULL, NULL, NULL, NULL, 0, 0, 0, 0, 0, 0, CONVERT([decimal](4, 2),0.00), 0, NULL, CONVERT([decimal](6, 3),4.000), 10, NULL, 0, CONVERT([decimal](4, 2),5.00), 1200, 1150, 50, 0, 0, 0, NULL)

INSERT INTO [dbo].[Product] ([ProductID], [ManfID], [ShortTitle], [ProductManufacturer], [MinimumUnit], [UnitCost], [NbrReviews], [AvgRating], [ManfProdID], [ProdWeight], [ProdWeightUnit], [ProdHeight], [ProdHeightUnit], [ProdLength], [ProdLengthUnit], [LastModDate], [CreateDate], [QtyAvail], [type], [brand], [colors], [materials], [attributes], [upc], [inventory], [category], [subcategory], [image_small], [image_medium], [image_large], [item_weight], [tier_pack_1], [tier_price_1], [tier_pack_2], [tier_price_2], [tier_pack_3], [tier_price_3], [tier_pack_4], [tier_price_4], [case_pack], [case_pack_price], [on_sale], [sale_begins], [sale_ends], [QtySold7days], [QtySold14days], [QtySold30days], [QtySold60days], [QtySold90days], [QtySold180days], [QtySoldYear], [QtySoldToday], [StarTotalVotes], [Star1], [Star2], [Star3], [Star4], [Star5], [StarAvglVotes], [MadeInUSA], [Dimensions], [MarkupPct], [reorderQty], [Sizes], [EligibleForFreeSHipping], [Rating], [NbrRatings], [Vote1], [Vote2], [Vote3], [Vote4], [Vote5], [DefaultImageURL]) VALUES 
                             (N'Oil-260', N'NCHOICE', N'4oz. Mountain Breeze', N'Nature''s Choice', N'1', CONVERT([decimal](10, 2),29.95), 1024, CONVERT([decimal](3, 2),4.90), N'CS8OZBL', CONVERT([decimal](12, 2),4.00), N'oz.', CONVERT([decimal](10, 2),4.00), N'in.', CONVERT([decimal](12, 2),1.50), N'dia.', '20140707 15:14:13.613', '20140707 15:14:13.613', 1000,  N'USA', N'Instock365', NULL, N'glass', NULL, NULL, 1000, N'Essential Oils', N'', 
					    N'Oils06.png', N'Oils06.png', N'Oils06.png', CONVERT([decimal](15, 3),0.250), CONVERT([decimal](15, 3),12.000), NULL, CONVERT([decimal](15, 3),18.000), NULL, CONVERT([decimal](15, 3),24.000), NULL, CONVERT([decimal](15, 3),48.000), NULL, NULL, NULL, NULL, NULL, NULL, NULL, NULL, NULL, NULL, NULL, NULL, NULL, NULL, 0, 0, 0, 0, 0, 0, CONVERT([decimal](4, 2),0.00), 0, NULL, CONVERT([decimal](6, 3),4.000), 10, NULL, 0, CONVERT([decimal](4, 2),5.00), 1200, 1150, 50, 0, 0, 0, NULL)

INSERT INTO [dbo].[Product] ([ProductID], [ManfID], [ShortTitle], [ProductManufacturer], [MinimumUnit], [UnitCost], [NbrReviews], [AvgRating], [ManfProdID], [ProdWeight], [ProdWeightUnit], [ProdHeight], [ProdHeightUnit], [ProdLength], [ProdLengthUnit], [LastModDate], [CreateDate], [QtyAvail], [type], [brand], [colors], [materials], [attributes], [upc], [inventory], [category], [subcategory], [image_small], [image_medium], [image_large], [item_weight], [tier_pack_1], [tier_price_1], [tier_pack_2], [tier_price_2], [tier_pack_3], [tier_price_3], [tier_pack_4], [tier_price_4], [case_pack], [case_pack_price], [on_sale], [sale_begins], [sale_ends], [QtySold7days], [QtySold14days], [QtySold30days], [QtySold60days], [QtySold90days], [QtySold180days], [QtySoldYear], [QtySoldToday], [StarTotalVotes], [Star1], [Star2], [Star3], [Star4], [Star5], [StarAvglVotes], [MadeInUSA], [Dimensions], [MarkupPct], [reorderQty], [Sizes], [EligibleForFreeSHipping], [Rating], [NbrRatings], [Vote1], [Vote2], [Vote3], [Vote4], [Vote5], [DefaultImageURL]) VALUES 
                             (N'Oil-270', N'NCHOICE', N'4oz. Clear Snow', N'Nature''s Choice', N'1', CONVERT([decimal](10, 2),29.95), 1024, CONVERT([decimal](3, 2),4.90), N'CS8OZBL', CONVERT([decimal](12, 2),4.00), N'oz.', CONVERT([decimal](10, 2),4.00), N'in.', CONVERT([decimal](12, 2),1.50), N'dia.', '20140707 15:14:13.613', '20140707 15:14:13.613', 1000,  N'USA', N'Instock365', NULL, N'glass', NULL, NULL, 1000, N'Essential Oils', N'', 
					    N'Oils07.png', N'Oils07.png', N'Oils07.png', CONVERT([decimal](15, 3),0.250), CONVERT([decimal](15, 3),12.000), NULL, CONVERT([decimal](15, 3),18.000), NULL, CONVERT([decimal](15, 3),24.000), NULL, CONVERT([decimal](15, 3),48.000), NULL, NULL, NULL, NULL, NULL, NULL, NULL, NULL, NULL, NULL, NULL, NULL, NULL, NULL, 0, 0, 0, 0, 0, 0, CONVERT([decimal](4, 2),0.00), 0, NULL, CONVERT([decimal](6, 3),4.000), 10, NULL, 0, CONVERT([decimal](4, 2),5.00), 1200, 1150, 50, 0, 0, 0, NULL)

INSERT INTO [dbo].[Product] ([ProductID], [ManfID], [ShortTitle], [ProductManufacturer], [MinimumUnit], [UnitCost], [NbrReviews], [AvgRating], [ManfProdID], [ProdWeight], [ProdWeightUnit], [ProdHeight], [ProdHeightUnit], [ProdLength], [ProdLengthUnit], [LastModDate], [CreateDate], [QtyAvail], [type], [brand], [colors], [materials], [attributes], [upc], [inventory], [category], [subcategory], [image_small], [image_medium], [image_large], [item_weight], [tier_pack_1], [tier_price_1], [tier_pack_2], [tier_price_2], [tier_pack_3], [tier_price_3], [tier_pack_4], [tier_price_4], [case_pack], [case_pack_price], [on_sale], [sale_begins], [sale_ends], [QtySold7days], [QtySold14days], [QtySold30days], [QtySold60days], [QtySold90days], [QtySold180days], [QtySoldYear], [QtySoldToday], [StarTotalVotes], [Star1], [Star2], [Star3], [Star4], [Star5], [StarAvglVotes], [MadeInUSA], [Dimensions], [MarkupPct], [reorderQty], [Sizes], [EligibleForFreeSHipping], [Rating], [NbrRatings], [Vote1], [Vote2], [Vote3], [Vote4], [Vote5], [DefaultImageURL]) VALUES 
                             (N'Oil-280', N'NCHOICE', N'4oz. Clear Musk Oil', N'Nature''s Choice', N'1', CONVERT([decimal](10, 2),29.95), 1024, CONVERT([decimal](3, 2),4.90), N'CS8OZBL', CONVERT([decimal](12, 2),4.00), N'oz.', CONVERT([decimal](10, 2),4.00), N'in.', CONVERT([decimal](12, 2),1.50), N'dia.', '20140707 15:14:13.613', '20140707 15:14:13.613', 1000,  N'USA', N'Instock365', NULL, N'glass', NULL, NULL, 1000, N'Essential Oils', N'', 
					    N'Oils08.png', N'Oils08.png', N'Oils08.png', CONVERT([decimal](15, 3),0.250), CONVERT([decimal](15, 3),12.000), NULL, CONVERT([decimal](15, 3),18.000), NULL, CONVERT([decimal](15, 3),24.000), NULL, CONVERT([decimal](15, 3),48.000), NULL, NULL, NULL, NULL, NULL, NULL, NULL, NULL, NULL, NULL, NULL, NULL, NULL, NULL, 0, 0, 0, 0, 0, 0, CONVERT([decimal](4, 2),0.00), 0, NULL, CONVERT([decimal](6, 3),4.000), 10, NULL, 0, CONVERT([decimal](4, 2),5.00), 1200, 1150, 50, 0, 0, 0, NULL)


INSERT INTO [dbo].[ProductClass] ([ClassCode], [ProductID]) VALUES (N'Essential Oils', N'Oil-10') ;
INSERT INTO [dbo].[ProductClass] ([ClassCode], [ProductID]) VALUES (N'Essential Oils', N'Oil-20') ;
INSERT INTO [dbo].[ProductClass] ([ClassCode], [ProductID]) VALUES (N'Essential Oils', N'Oil-30') ;
INSERT INTO [dbo].[ProductClass] ([ClassCode], [ProductID]) VALUES (N'Essential Oils', N'Oil-40') ;
INSERT INTO [dbo].[ProductClass] ([ClassCode], [ProductID]) VALUES (N'Essential Oils', N'Oil-50') ;
INSERT INTO [dbo].[ProductClass] ([ClassCode], [ProductID]) VALUES (N'Essential Oils', N'Oil-60') ;
INSERT INTO [dbo].[ProductClass] ([ClassCode], [ProductID]) VALUES (N'Essential Oils', N'Oil-70') ;
INSERT INTO [dbo].[ProductClass] ([ClassCode], [ProductID]) VALUES (N'Essential Oils', N'Oil-80') ;

INSERT INTO [dbo].[ProductClass] ([ClassCode], [ProductID]) VALUES (N'Essential Oils', N'Oil-110') ;
INSERT INTO [dbo].[ProductClass] ([ClassCode], [ProductID]) VALUES (N'Essential Oils', N'Oil-120') ;
INSERT INTO [dbo].[ProductClass] ([ClassCode], [ProductID]) VALUES (N'Essential Oils', N'Oil-130') ;
INSERT INTO [dbo].[ProductClass] ([ClassCode], [ProductID]) VALUES (N'Essential Oils', N'Oil-140') ;
INSERT INTO [dbo].[ProductClass] ([ClassCode], [ProductID]) VALUES (N'Essential Oils', N'Oil-150') ;
INSERT INTO [dbo].[ProductClass] ([ClassCode], [ProductID]) VALUES (N'Essential Oils', N'Oil-160') ;
INSERT INTO [dbo].[ProductClass] ([ClassCode], [ProductID]) VALUES (N'Essential Oils', N'Oil-170') ;
INSERT INTO [dbo].[ProductClass] ([ClassCode], [ProductID]) VALUES (N'Essential Oils', N'Oil-180') ;

INSERT INTO [dbo].[ProductClass] ([ClassCode], [ProductID]) VALUES (N'Essential Oils', N'Oil-210') ;
INSERT INTO [dbo].[ProductClass] ([ClassCode], [ProductID]) VALUES (N'Essential Oils', N'Oil-220') ;
INSERT INTO [dbo].[ProductClass] ([ClassCode], [ProductID]) VALUES (N'Essential Oils', N'Oil-230') ;
INSERT INTO [dbo].[ProductClass] ([ClassCode], [ProductID]) VALUES (N'Essential Oils', N'Oil-240') ;
INSERT INTO [dbo].[ProductClass] ([ClassCode], [ProductID]) VALUES (N'Essential Oils', N'Oil-250') ;
INSERT INTO [dbo].[ProductClass] ([ClassCode], [ProductID]) VALUES (N'Essential Oils', N'Oil-260') ;
INSERT INTO [dbo].[ProductClass] ([ClassCode], [ProductID]) VALUES (N'Essential Oils', N'Oil-270') ;
INSERT INTO [dbo].[ProductClass] ([ClassCode], [ProductID]) VALUES (N'Essential Oils', N'Oil-280') ;

INSERT INTO [dbo].[Product] ([ProductID], [ManfID], [ShortTitle], [ProductManufacturer], [MinimumUnit], [UnitCost], [NbrReviews], [AvgRating], [ManfProdID], [ProdWeight], [ProdWeightUnit], [ProdHeight], [ProdHeightUnit], [ProdLength], [ProdLengthUnit], [LastModDate], [CreateDate], [QtyAvail], [type], [brand], [colors], [materials], [attributes], [upc], [inventory], [category], [subcategory], [image_small], [image_medium], [image_large], [item_weight], [tier_pack_1], [tier_price_1], [tier_pack_2], [tier_price_2], [tier_pack_3], [tier_price_3], [tier_pack_4], [tier_price_4], [case_pack], [case_pack_price], [on_sale], [sale_begins], [sale_ends], [QtySold7days], [QtySold14days], [QtySold30days], [QtySold60days], [QtySold90days], [QtySold180days], [QtySoldYear], [QtySoldToday], [StarTotalVotes], [Star1], [Star2], [Star3], [Star4], [Star5], [StarAvglVotes], [MadeInUSA], [Dimensions], [MarkupPct], [reorderQty], [Sizes], [EligibleForFreeSHipping], [Rating], [NbrRatings], [Vote1], [Vote2], [Vote3], [Vote4], [Vote5], [DefaultImageURL]) VALUES 
                             (N'Vitamin-10', N'NCHOICE', N'Vitamin A ', N'Nature''s Choice', N'1', CONVERT([decimal](10, 2),29.95), 1024, CONVERT([decimal](3, 2),4.90), N'CS8OZBL', CONVERT([decimal](12, 2),4.00), N'oz.', CONVERT([decimal](10, 2),4.00), N'in.', CONVERT([decimal](12, 2),1.50), N'dia.', '20140707 15:14:13.613', '20140707 15:14:13.613', 1000,  N'USA', N'Instock365', NULL, N'glass', NULL, NULL, 1000, N'Vitamins', N'', 
					    N'Vitamins01.jpg', N'Vitamins01.jpg', N'Vitamins01.jpg', CONVERT([decimal](15, 3),0.250), CONVERT([decimal](15, 3),12.000), NULL, CONVERT([decimal](15, 3),18.000), NULL, CONVERT([decimal](15, 3),24.000), NULL, CONVERT([decimal](15, 3),48.000), NULL, NULL, NULL, NULL, NULL, NULL, NULL, NULL, NULL, NULL, NULL, NULL, NULL, NULL, 0, 0, 0, 0, 0, 0, CONVERT([decimal](4, 2),0.00), 0, NULL, CONVERT([decimal](6, 3),4.000), 10, NULL, 0, CONVERT([decimal](4, 2),5.00), 1200, 1150, 50, 0, 0, 0, NULL)

INSERT INTO [dbo].[Product] ([ProductID], [ManfID], [ShortTitle], [ProductManufacturer], [MinimumUnit], [UnitCost], [NbrReviews], [AvgRating], [ManfProdID], [ProdWeight], [ProdWeightUnit], [ProdHeight], [ProdHeightUnit], [ProdLength], [ProdLengthUnit], [LastModDate], [CreateDate], [QtyAvail], [type], [brand], [colors], [materials], [attributes], [upc], [inventory], [category], [subcategory], [image_small], [image_medium], [image_large], [item_weight], [tier_pack_1], [tier_price_1], [tier_pack_2], [tier_price_2], [tier_pack_3], [tier_price_3], [tier_pack_4], [tier_price_4], [case_pack], [case_pack_price], [on_sale], [sale_begins], [sale_ends], [QtySold7days], [QtySold14days], [QtySold30days], [QtySold60days], [QtySold90days], [QtySold180days], [QtySoldYear], [QtySoldToday], [StarTotalVotes], [Star1], [Star2], [Star3], [Star4], [Star5], [StarAvglVotes], [MadeInUSA], [Dimensions], [MarkupPct], [reorderQty], [Sizes], [EligibleForFreeSHipping], [Rating], [NbrRatings], [Vote1], [Vote2], [Vote3], [Vote4], [Vote5], [DefaultImageURL]) VALUES 
                             (N'Vitamin-20', N'NCHOICE', N'Vitamin B', N'Nature''s Choice', N'1', CONVERT([decimal](10, 2),29.95), 1024, CONVERT([decimal](3, 2),4.90), N'CS8OZBL', CONVERT([decimal](12, 2),4.00), N'oz.', CONVERT([decimal](10, 2),4.00), N'in.', CONVERT([decimal](12, 2),1.50), N'dia.', '20140707 15:14:13.613', '20140707 15:14:13.613', 1000,  N'USA', N'Instock365', NULL, N'glass', NULL, NULL, 1000, N'Vitamins', N'', 
					    N'Vitamins02.png', N'Vitamins02.png', N'Vitamins02.png', CONVERT([decimal](15, 3),0.250), CONVERT([decimal](15, 3),12.000), NULL, CONVERT([decimal](15, 3),18.000), NULL, CONVERT([decimal](15, 3),24.000), NULL, CONVERT([decimal](15, 3),48.000), NULL, NULL, NULL, NULL, NULL, NULL, NULL, NULL, NULL, NULL, NULL, NULL, NULL, NULL, 0, 0, 0, 0, 0, 0, CONVERT([decimal](4, 2),0.00), 0, NULL, CONVERT([decimal](6, 3),4.000), 10, NULL, 0, CONVERT([decimal](4, 2),5.00), 1200, 1150, 50, 0, 0, 0, NULL)

INSERT INTO [dbo].[Product] ([ProductID], [ManfID], [ShortTitle], [ProductManufacturer], [MinimumUnit], [UnitCost], [NbrReviews], [AvgRating], [ManfProdID], [ProdWeight], [ProdWeightUnit], [ProdHeight], [ProdHeightUnit], [ProdLength], [ProdLengthUnit], [LastModDate], [CreateDate], [QtyAvail], [type], [brand], [colors], [materials], [attributes], [upc], [inventory], [category], [subcategory], [image_small], [image_medium], [image_large], [item_weight], [tier_pack_1], [tier_price_1], [tier_pack_2], [tier_price_2], [tier_pack_3], [tier_price_3], [tier_pack_4], [tier_price_4], [case_pack], [case_pack_price], [on_sale], [sale_begins], [sale_ends], [QtySold7days], [QtySold14days], [QtySold30days], [QtySold60days], [QtySold90days], [QtySold180days], [QtySoldYear], [QtySoldToday], [StarTotalVotes], [Star1], [Star2], [Star3], [Star4], [Star5], [StarAvglVotes], [MadeInUSA], [Dimensions], [MarkupPct], [reorderQty], [Sizes], [EligibleForFreeSHipping], [Rating], [NbrRatings], [Vote1], [Vote2], [Vote3], [Vote4], [Vote5], [DefaultImageURL]) VALUES 
                             (N'Vitamin-30', N'NCHOICE', N'Vitamin C', N'Nature''s Choice', N'1', CONVERT([decimal](10, 2),29.95), 1024, CONVERT([decimal](3, 2),4.90), N'CS8OZBL', CONVERT([decimal](12, 2),4.00), N'oz.', CONVERT([decimal](10, 2),4.00), N'in.', CONVERT([decimal](12, 2),1.50), N'dia.', '20140707 15:14:13.613', '20140707 15:14:13.613', 1000,  N'USA', N'Instock365', NULL, N'glass', NULL, NULL, 1000, N'Vitamins', N'', 
					    N'Vitamins03.png', N'Vitamins03.png', N'Vitamins03.png', CONVERT([decimal](15, 3),0.250), CONVERT([decimal](15, 3),12.000), NULL, CONVERT([decimal](15, 3),18.000), NULL, CONVERT([decimal](15, 3),24.000), NULL, CONVERT([decimal](15, 3),48.000), NULL, NULL, NULL, NULL, NULL, NULL, NULL, NULL, NULL, NULL, NULL, NULL, NULL, NULL, 0, 0, 0, 0, 0, 0, CONVERT([decimal](4, 2),0.00), 0, NULL, CONVERT([decimal](6, 3),4.000), 10, NULL, 0, CONVERT([decimal](4, 2),5.00), 1200, 1150, 50, 0, 0, 0, NULL)

INSERT INTO [dbo].[Product] ([ProductID], [ManfID], [ShortTitle], [ProductManufacturer], [MinimumUnit], [UnitCost], [NbrReviews], [AvgRating], [ManfProdID], [ProdWeight], [ProdWeightUnit], [ProdHeight], [ProdHeightUnit], [ProdLength], [ProdLengthUnit], [LastModDate], [CreateDate], [QtyAvail], [type], [brand], [colors], [materials], [attributes], [upc], [inventory], [category], [subcategory], [image_small], [image_medium], [image_large], [item_weight], [tier_pack_1], [tier_price_1], [tier_pack_2], [tier_price_2], [tier_pack_3], [tier_price_3], [tier_pack_4], [tier_price_4], [case_pack], [case_pack_price], [on_sale], [sale_begins], [sale_ends], [QtySold7days], [QtySold14days], [QtySold30days], [QtySold60days], [QtySold90days], [QtySold180days], [QtySoldYear], [QtySoldToday], [StarTotalVotes], [Star1], [Star2], [Star3], [Star4], [Star5], [StarAvglVotes], [MadeInUSA], [Dimensions], [MarkupPct], [reorderQty], [Sizes], [EligibleForFreeSHipping], [Rating], [NbrRatings], [Vote1], [Vote2], [Vote3], [Vote4], [Vote5], [DefaultImageURL]) VALUES 
                             (N'Vitamin-40', N'NCHOICE', N'Vitamin D', N'Nature''s Choice', N'1', CONVERT([decimal](10, 2),29.95), 1024, CONVERT([decimal](3, 2),4.90), N'CS8OZBL', CONVERT([decimal](12, 2),4.00), N'oz.', CONVERT([decimal](10, 2),4.00), N'in.', CONVERT([decimal](12, 2),1.50), N'dia.', '20140707 15:14:13.613', '20140707 15:14:13.613', 1000,  N'USA', N'Instock365', NULL, N'glass', NULL, NULL, 1000, N'Vitamins', N'', 
					    N'Vitamins04.png', N'Vitamins04.png', N'Vitamins04.png', CONVERT([decimal](15, 3),0.250), CONVERT([decimal](15, 3),12.000), NULL, CONVERT([decimal](15, 3),18.000), NULL, CONVERT([decimal](15, 3),24.000), NULL, CONVERT([decimal](15, 3),48.000), NULL, NULL, NULL, NULL, NULL, NULL, NULL, NULL, NULL, NULL, NULL, NULL, NULL, NULL, 0, 0, 0, 0, 0, 0, CONVERT([decimal](4, 2),0.00), 0, NULL, CONVERT([decimal](6, 3),4.000), 10, NULL, 0, CONVERT([decimal](4, 2),5.00), 1200, 1150, 50, 0, 0, 0, NULL)

INSERT INTO [dbo].[Product] ([ProductID], [ManfID], [ShortTitle], [ProductManufacturer], [MinimumUnit], [UnitCost], [NbrReviews], [AvgRating], [ManfProdID], [ProdWeight], [ProdWeightUnit], [ProdHeight], [ProdHeightUnit], [ProdLength], [ProdLengthUnit], [LastModDate], [CreateDate], [QtyAvail], [type], [brand], [colors], [materials], [attributes], [upc], [inventory], [category], [subcategory], [image_small], [image_medium], [image_large], [item_weight], [tier_pack_1], [tier_price_1], [tier_pack_2], [tier_price_2], [tier_pack_3], [tier_price_3], [tier_pack_4], [tier_price_4], [case_pack], [case_pack_price], [on_sale], [sale_begins], [sale_ends], [QtySold7days], [QtySold14days], [QtySold30days], [QtySold60days], [QtySold90days], [QtySold180days], [QtySoldYear], [QtySoldToday], [StarTotalVotes], [Star1], [Star2], [Star3], [Star4], [Star5], [StarAvglVotes], [MadeInUSA], [Dimensions], [MarkupPct], [reorderQty], [Sizes], [EligibleForFreeSHipping], [Rating], [NbrRatings], [Vote1], [Vote2], [Vote3], [Vote4], [Vote5], [DefaultImageURL]) VALUES 
                             (N'Vitamin-50', N'NCHOICE', N'Vitamin E', N'Nature''s Choice', N'1', CONVERT([decimal](10, 2),29.95), 1024, CONVERT([decimal](3, 2),4.90), N'CS8OZBL', CONVERT([decimal](12, 2),4.00), N'oz.', CONVERT([decimal](10, 2),4.00), N'in.', CONVERT([decimal](12, 2),1.50), N'dia.', '20140707 15:14:13.613', '20140707 15:14:13.613', 1000,  N'USA', N'Instock365', NULL, N'glass', NULL, NULL, 1000, N'Vitamins', N'', 
					    N'Vitamins05.png', N'Vitamins05.png', N'Vitamins05.png', CONVERT([decimal](15, 3),0.250), CONVERT([decimal](15, 3),12.000), NULL, CONVERT([decimal](15, 3),18.000), NULL, CONVERT([decimal](15, 3),24.000), NULL, CONVERT([decimal](15, 3),48.000), NULL, NULL, NULL, NULL, NULL, NULL, NULL, NULL, NULL, NULL, NULL, NULL, NULL, NULL, 0, 0, 0, 0, 0, 0, CONVERT([decimal](4, 2),0.00), 0, NULL, CONVERT([decimal](6, 3),4.000), 10, NULL, 0, CONVERT([decimal](4, 2),5.00), 1200, 1150, 50, 0, 0, 0, NULL)

INSERT INTO [dbo].[Product] ([ProductID], [ManfID], [ShortTitle], [ProductManufacturer], [MinimumUnit], [UnitCost], [NbrReviews], [AvgRating], [ManfProdID], [ProdWeight], [ProdWeightUnit], [ProdHeight], [ProdHeightUnit], [ProdLength], [ProdLengthUnit], [LastModDate], [CreateDate], [QtyAvail], [type], [brand], [colors], [materials], [attributes], [upc], [inventory], [category], [subcategory], [image_small], [image_medium], [image_large], [item_weight], [tier_pack_1], [tier_price_1], [tier_pack_2], [tier_price_2], [tier_pack_3], [tier_price_3], [tier_pack_4], [tier_price_4], [case_pack], [case_pack_price], [on_sale], [sale_begins], [sale_ends], [QtySold7days], [QtySold14days], [QtySold30days], [QtySold60days], [QtySold90days], [QtySold180days], [QtySoldYear], [QtySoldToday], [StarTotalVotes], [Star1], [Star2], [Star3], [Star4], [Star5], [StarAvglVotes], [MadeInUSA], [Dimensions], [MarkupPct], [reorderQty], [Sizes], [EligibleForFreeSHipping], [Rating], [NbrRatings], [Vote1], [Vote2], [Vote3], [Vote4], [Vote5], [DefaultImageURL]) VALUES 
                             (N'Vitamin-60', N'NCHOICE', N'Vitamin B12', N'Nature''s Choice', N'1', CONVERT([decimal](10, 2),29.95), 1024, CONVERT([decimal](3, 2),4.90), N'CS8OZBL', CONVERT([decimal](12, 2),4.00), N'oz.', CONVERT([decimal](10, 2),4.00), N'in.', CONVERT([decimal](12, 2),1.50), N'dia.', '20140707 15:14:13.613', '20140707 15:14:13.613', 1000,  N'USA', N'Instock365', NULL, N'glass', NULL, NULL, 1000, N'Vitamins', N'', 
					    N'Vitamins06.png', N'Vitamins06.png', N'Vitamins06.png', CONVERT([decimal](15, 3),0.250), CONVERT([decimal](15, 3),12.000), NULL, CONVERT([decimal](15, 3),18.000), NULL, CONVERT([decimal](15, 3),24.000), NULL, CONVERT([decimal](15, 3),48.000), NULL, NULL, NULL, NULL, NULL, NULL, NULL, NULL, NULL, NULL, NULL, NULL, NULL, NULL, 0, 0, 0, 0, 0, 0, CONVERT([decimal](4, 2),0.00), 0, NULL, CONVERT([decimal](6, 3),4.000), 10, NULL, 0, CONVERT([decimal](4, 2),5.00), 1200, 1150, 50, 0, 0, 0, NULL)

INSERT INTO [dbo].[Product] ([ProductID], [ManfID], [ShortTitle], [ProductManufacturer], [MinimumUnit], [UnitCost], [NbrReviews], [AvgRating], [ManfProdID], [ProdWeight], [ProdWeightUnit], [ProdHeight], [ProdHeightUnit], [ProdLength], [ProdLengthUnit], [LastModDate], [CreateDate], [QtyAvail], [type], [brand], [colors], [materials], [attributes], [upc], [inventory], [category], [subcategory], [image_small], [image_medium], [image_large], [item_weight], [tier_pack_1], [tier_price_1], [tier_pack_2], [tier_price_2], [tier_pack_3], [tier_price_3], [tier_pack_4], [tier_price_4], [case_pack], [case_pack_price], [on_sale], [sale_begins], [sale_ends], [QtySold7days], [QtySold14days], [QtySold30days], [QtySold60days], [QtySold90days], [QtySold180days], [QtySoldYear], [QtySoldToday], [StarTotalVotes], [Star1], [Star2], [Star3], [Star4], [Star5], [StarAvglVotes], [MadeInUSA], [Dimensions], [MarkupPct], [reorderQty], [Sizes], [EligibleForFreeSHipping], [Rating], [NbrRatings], [Vote1], [Vote2], [Vote3], [Vote4], [Vote5], [DefaultImageURL]) VALUES 
                             (N'Vitamin-70', N'NCHOICE', N'Magnisium', N'Nature''s Choice', N'1', CONVERT([decimal](10, 2),29.95), 1024, CONVERT([decimal](3, 2),4.90), N'CS8OZBL', CONVERT([decimal](12, 2),4.00), N'oz.', CONVERT([decimal](10, 2),4.00), N'in.', CONVERT([decimal](12, 2),1.50), N'dia.', '20140707 15:14:13.613', '20140707 15:14:13.613', 1000,  N'USA', N'Instock365', NULL, N'glass', NULL, NULL, 1000, N'Vitamins', N'', 
					    N'Vitamins07.png', N'Vitamins07.png', N'Vitamins07.png', CONVERT([decimal](15, 3),0.250), CONVERT([decimal](15, 3),12.000), NULL, CONVERT([decimal](15, 3),18.000), NULL, CONVERT([decimal](15, 3),24.000), NULL, CONVERT([decimal](15, 3),48.000), NULL, NULL, NULL, NULL, NULL, NULL, NULL, NULL, NULL, NULL, NULL, NULL, NULL, NULL, 0, 0, 0, 0, 0, 0, CONVERT([decimal](4, 2),0.00), 0, NULL, CONVERT([decimal](6, 3),4.000), 10, NULL, 0, CONVERT([decimal](4, 2),5.00), 1200, 1150, 50, 0, 0, 0, NULL)

INSERT INTO [dbo].[Product] ([ProductID], [ManfID], [ShortTitle], [ProductManufacturer], [MinimumUnit], [UnitCost], [NbrReviews], [AvgRating], [ManfProdID], [ProdWeight], [ProdWeightUnit], [ProdHeight], [ProdHeightUnit], [ProdLength], [ProdLengthUnit], [LastModDate], [CreateDate], [QtyAvail], [type], [brand], [colors], [materials], [attributes], [upc], [inventory], [category], [subcategory], [image_small], [image_medium], [image_large], [item_weight], [tier_pack_1], [tier_price_1], [tier_pack_2], [tier_price_2], [tier_pack_3], [tier_price_3], [tier_pack_4], [tier_price_4], [case_pack], [case_pack_price], [on_sale], [sale_begins], [sale_ends], [QtySold7days], [QtySold14days], [QtySold30days], [QtySold60days], [QtySold90days], [QtySold180days], [QtySoldYear], [QtySoldToday], [StarTotalVotes], [Star1], [Star2], [Star3], [Star4], [Star5], [StarAvglVotes], [MadeInUSA], [Dimensions], [MarkupPct], [reorderQty], [Sizes], [EligibleForFreeSHipping], [Rating], [NbrRatings], [Vote1], [Vote2], [Vote3], [Vote4], [Vote5], [DefaultImageURL]) VALUES 
                             (N'Vitamin-80', N'NCHOICE', N'Potassium', N'Nature''s Choice', N'1', CONVERT([decimal](10, 2),29.95), 1024, CONVERT([decimal](3, 2),4.90), N'CS8OZBL', CONVERT([decimal](12, 2),4.00), N'oz.', CONVERT([decimal](10, 2),4.00), N'in.', CONVERT([decimal](12, 2),1.50), N'dia.', '20140707 15:14:13.613', '20140707 15:14:13.613', 1000,  N'USA', N'Instock365', NULL, N'glass', NULL, NULL, 1000, N'Vitamins', N'', 
					    N'Vitamins08.png', N'Vitamins08.png', N'Vitamins08.png', CONVERT([decimal](15, 3),0.250), CONVERT([decimal](15, 3),12.000), NULL, CONVERT([decimal](15, 3),18.000), NULL, CONVERT([decimal](15, 3),24.000), NULL, CONVERT([decimal](15, 3),48.000), NULL, NULL, NULL, NULL, NULL, NULL, NULL, NULL, NULL, NULL, NULL, NULL, NULL, NULL, 0, 0, 0, 0, 0, 0, CONVERT([decimal](4, 2),0.00), 0, NULL, CONVERT([decimal](6, 3),4.000), 10, NULL, 0, CONVERT([decimal](4, 2),5.00), 1200, 1150, 50, 0, 0, 0, NULL)

INSERT INTO [dbo].[ProductClass] ([ClassCode], [ProductID]) VALUES (N'Vitamins', N'Vitamin-10') ;
INSERT INTO [dbo].[ProductClass] ([ClassCode], [ProductID]) VALUES (N'Vitamins', N'Vitamin-20') ;
INSERT INTO [dbo].[ProductClass] ([ClassCode], [ProductID]) VALUES (N'Vitamins', N'Vitamin-30') ;
INSERT INTO [dbo].[ProductClass] ([ClassCode], [ProductID]) VALUES (N'Vitamins', N'Vitamin-40') ;
INSERT INTO [dbo].[ProductClass] ([ClassCode], [ProductID]) VALUES (N'Vitamins', N'Vitamin-50') ;
INSERT INTO [dbo].[ProductClass] ([ClassCode], [ProductID]) VALUES (N'Vitamins', N'Vitamin-60') ;
INSERT INTO [dbo].[ProductClass] ([ClassCode], [ProductID]) VALUES (N'Vitamins', N'Vitamin-70') ;
INSERT INTO [dbo].[ProductClass] ([ClassCode], [ProductID]) VALUES (N'Vitamins', N'Vitamin-80') ;


INSERT INTO [dbo].[Product] ([ProductID], [ManfID], [ShortTitle], [ProductManufacturer], [MinimumUnit], [UnitCost], [NbrReviews], [AvgRating], [ManfProdID], [ProdWeight], [ProdWeightUnit], [ProdHeight], [ProdHeightUnit], [ProdLength], [ProdLengthUnit], [LastModDate], [CreateDate], [QtyAvail], [type], [brand], [colors], [materials], [attributes], [upc], [inventory], [category], [subcategory], [image_small], [image_medium], [image_large], [item_weight], [tier_pack_1], [tier_price_1], [tier_pack_2], [tier_price_2], [tier_pack_3], [tier_price_3], [tier_pack_4], [tier_price_4], [case_pack], [case_pack_price], [on_sale], [sale_begins], [sale_ends], [QtySold7days], [QtySold14days], [QtySold30days], [QtySold60days], [QtySold90days], [QtySold180days], [QtySoldYear], [QtySoldToday], [StarTotalVotes], [Star1], [Star2], [Star3], [Star4], [Star5], [StarAvglVotes], [MadeInUSA], [Dimensions], [MarkupPct], [reorderQty], [Sizes], [EligibleForFreeSHipping], [Rating], [NbrRatings], [Vote1], [Vote2], [Vote3], [Vote4], [Vote5], [DefaultImageURL]) VALUES 
                             (N'Vitamin-110', N'NCHOICE', N'Vitamin A ', N'Nature''s Choice', N'1', CONVERT([decimal](10, 2),29.95), 1024, CONVERT([decimal](3, 2),4.90), N'CS8OZBL', CONVERT([decimal](12, 2),4.00), N'oz.', CONVERT([decimal](10, 2),4.00), N'in.', CONVERT([decimal](12, 2),1.50), N'dia.', '20140707 15:14:13.613', '20140707 15:14:13.613', 1000,  N'USA', N'Instock365', NULL, N'glass', NULL, NULL, 1000, N'Vitamins', N'', 
					    N'Vitamins01.jpg', N'Vitamins01.jpg', N'Vitamins01.jpg', CONVERT([decimal](15, 3),0.250), CONVERT([decimal](15, 3),12.000), NULL, CONVERT([decimal](15, 3),18.000), NULL, CONVERT([decimal](15, 3),24.000), NULL, CONVERT([decimal](15, 3),48.000), NULL, NULL, NULL, NULL, NULL, NULL, NULL, NULL, NULL, NULL, NULL, NULL, NULL, NULL, 0, 0, 0, 0, 0, 0, CONVERT([decimal](4, 2),0.00), 0, NULL, CONVERT([decimal](6, 3),4.000), 10, NULL, 0, CONVERT([decimal](4, 2),5.00), 1200, 1150, 50, 0, 0, 0, NULL)

INSERT INTO [dbo].[Product] ([ProductID], [ManfID], [ShortTitle], [ProductManufacturer], [MinimumUnit], [UnitCost], [NbrReviews], [AvgRating], [ManfProdID], [ProdWeight], [ProdWeightUnit], [ProdHeight], [ProdHeightUnit], [ProdLength], [ProdLengthUnit], [LastModDate], [CreateDate], [QtyAvail], [type], [brand], [colors], [materials], [attributes], [upc], [inventory], [category], [subcategory], [image_small], [image_medium], [image_large], [item_weight], [tier_pack_1], [tier_price_1], [tier_pack_2], [tier_price_2], [tier_pack_3], [tier_price_3], [tier_pack_4], [tier_price_4], [case_pack], [case_pack_price], [on_sale], [sale_begins], [sale_ends], [QtySold7days], [QtySold14days], [QtySold30days], [QtySold60days], [QtySold90days], [QtySold180days], [QtySoldYear], [QtySoldToday], [StarTotalVotes], [Star1], [Star2], [Star3], [Star4], [Star5], [StarAvglVotes], [MadeInUSA], [Dimensions], [MarkupPct], [reorderQty], [Sizes], [EligibleForFreeSHipping], [Rating], [NbrRatings], [Vote1], [Vote2], [Vote3], [Vote4], [Vote5], [DefaultImageURL]) VALUES 
                             (N'Vitamin-120', N'NCHOICE', N'Vitamin B', N'Nature''s Choice', N'1', CONVERT([decimal](10, 2),29.95), 1024, CONVERT([decimal](3, 2),4.90), N'CS8OZBL', CONVERT([decimal](12, 2),4.00), N'oz.', CONVERT([decimal](10, 2),4.00), N'in.', CONVERT([decimal](12, 2),1.50), N'dia.', '20140707 15:14:13.613', '20140707 15:14:13.613', 1000,  N'USA', N'Instock365', NULL, N'glass', NULL, NULL, 1000, N'Vitamins', N'', 
					    N'Vitamins02.png', N'Vitamins02.png', N'Vitamins02.png', CONVERT([decimal](15, 3),0.250), CONVERT([decimal](15, 3),12.000), NULL, CONVERT([decimal](15, 3),18.000), NULL, CONVERT([decimal](15, 3),24.000), NULL, CONVERT([decimal](15, 3),48.000), NULL, NULL, NULL, NULL, NULL, NULL, NULL, NULL, NULL, NULL, NULL, NULL, NULL, NULL, 0, 0, 0, 0, 0, 0, CONVERT([decimal](4, 2),0.00), 0, NULL, CONVERT([decimal](6, 3),4.000), 10, NULL, 0, CONVERT([decimal](4, 2),5.00), 1200, 1150, 50, 0, 0, 0, NULL)

INSERT INTO [dbo].[Product] ([ProductID], [ManfID], [ShortTitle], [ProductManufacturer], [MinimumUnit], [UnitCost], [NbrReviews], [AvgRating], [ManfProdID], [ProdWeight], [ProdWeightUnit], [ProdHeight], [ProdHeightUnit], [ProdLength], [ProdLengthUnit], [LastModDate], [CreateDate], [QtyAvail], [type], [brand], [colors], [materials], [attributes], [upc], [inventory], [category], [subcategory], [image_small], [image_medium], [image_large], [item_weight], [tier_pack_1], [tier_price_1], [tier_pack_2], [tier_price_2], [tier_pack_3], [tier_price_3], [tier_pack_4], [tier_price_4], [case_pack], [case_pack_price], [on_sale], [sale_begins], [sale_ends], [QtySold7days], [QtySold14days], [QtySold30days], [QtySold60days], [QtySold90days], [QtySold180days], [QtySoldYear], [QtySoldToday], [StarTotalVotes], [Star1], [Star2], [Star3], [Star4], [Star5], [StarAvglVotes], [MadeInUSA], [Dimensions], [MarkupPct], [reorderQty], [Sizes], [EligibleForFreeSHipping], [Rating], [NbrRatings], [Vote1], [Vote2], [Vote3], [Vote4], [Vote5], [DefaultImageURL]) VALUES 
                             (N'Vitamin-130', N'NCHOICE', N'Vitamin C', N'Nature''s Choice', N'1', CONVERT([decimal](10, 2),29.95), 1024, CONVERT([decimal](3, 2),4.90), N'CS8OZBL', CONVERT([decimal](12, 2),4.00), N'oz.', CONVERT([decimal](10, 2),4.00), N'in.', CONVERT([decimal](12, 2),1.50), N'dia.', '20140707 15:14:13.613', '20140707 15:14:13.613', 1000,  N'USA', N'Instock365', NULL, N'glass', NULL, NULL, 1000, N'Vitamins', N'', 
					    N'Vitamins03.png', N'Vitamins03.png', N'Vitamins03.png', CONVERT([decimal](15, 3),0.250), CONVERT([decimal](15, 3),12.000), NULL, CONVERT([decimal](15, 3),18.000), NULL, CONVERT([decimal](15, 3),24.000), NULL, CONVERT([decimal](15, 3),48.000), NULL, NULL, NULL, NULL, NULL, NULL, NULL, NULL, NULL, NULL, NULL, NULL, NULL, NULL, 0, 0, 0, 0, 0, 0, CONVERT([decimal](4, 2),0.00), 0, NULL, CONVERT([decimal](6, 3),4.000), 10, NULL, 0, CONVERT([decimal](4, 2),5.00), 1200, 1150, 50, 0, 0, 0, NULL)

INSERT INTO [dbo].[Product] ([ProductID], [ManfID], [ShortTitle], [ProductManufacturer], [MinimumUnit], [UnitCost], [NbrReviews], [AvgRating], [ManfProdID], [ProdWeight], [ProdWeightUnit], [ProdHeight], [ProdHeightUnit], [ProdLength], [ProdLengthUnit], [LastModDate], [CreateDate], [QtyAvail], [type], [brand], [colors], [materials], [attributes], [upc], [inventory], [category], [subcategory], [image_small], [image_medium], [image_large], [item_weight], [tier_pack_1], [tier_price_1], [tier_pack_2], [tier_price_2], [tier_pack_3], [tier_price_3], [tier_pack_4], [tier_price_4], [case_pack], [case_pack_price], [on_sale], [sale_begins], [sale_ends], [QtySold7days], [QtySold14days], [QtySold30days], [QtySold60days], [QtySold90days], [QtySold180days], [QtySoldYear], [QtySoldToday], [StarTotalVotes], [Star1], [Star2], [Star3], [Star4], [Star5], [StarAvglVotes], [MadeInUSA], [Dimensions], [MarkupPct], [reorderQty], [Sizes], [EligibleForFreeSHipping], [Rating], [NbrRatings], [Vote1], [Vote2], [Vote3], [Vote4], [Vote5], [DefaultImageURL]) VALUES 
                             (N'Vitamin-140', N'NCHOICE', N'Vitamin D', N'Nature''s Choice', N'1', CONVERT([decimal](10, 2),29.95), 1024, CONVERT([decimal](3, 2),4.90), N'CS8OZBL', CONVERT([decimal](12, 2),4.00), N'oz.', CONVERT([decimal](10, 2),4.00), N'in.', CONVERT([decimal](12, 2),1.50), N'dia.', '20140707 15:14:13.613', '20140707 15:14:13.613', 1000,  N'USA', N'Instock365', NULL, N'glass', NULL, NULL, 1000, N'Vitamins', N'', 
					    N'Vitamins04.png', N'Vitamins04.png', N'Vitamins04.png', CONVERT([decimal](15, 3),0.250), CONVERT([decimal](15, 3),12.000), NULL, CONVERT([decimal](15, 3),18.000), NULL, CONVERT([decimal](15, 3),24.000), NULL, CONVERT([decimal](15, 3),48.000), NULL, NULL, NULL, NULL, NULL, NULL, NULL, NULL, NULL, NULL, NULL, NULL, NULL, NULL, 0, 0, 0, 0, 0, 0, CONVERT([decimal](4, 2),0.00), 0, NULL, CONVERT([decimal](6, 3),4.000), 10, NULL, 0, CONVERT([decimal](4, 2),5.00), 1200, 1150, 50, 0, 0, 0, NULL)

INSERT INTO [dbo].[Product] ([ProductID], [ManfID], [ShortTitle], [ProductManufacturer], [MinimumUnit], [UnitCost], [NbrReviews], [AvgRating], [ManfProdID], [ProdWeight], [ProdWeightUnit], [ProdHeight], [ProdHeightUnit], [ProdLength], [ProdLengthUnit], [LastModDate], [CreateDate], [QtyAvail], [type], [brand], [colors], [materials], [attributes], [upc], [inventory], [category], [subcategory], [image_small], [image_medium], [image_large], [item_weight], [tier_pack_1], [tier_price_1], [tier_pack_2], [tier_price_2], [tier_pack_3], [tier_price_3], [tier_pack_4], [tier_price_4], [case_pack], [case_pack_price], [on_sale], [sale_begins], [sale_ends], [QtySold7days], [QtySold14days], [QtySold30days], [QtySold60days], [QtySold90days], [QtySold180days], [QtySoldYear], [QtySoldToday], [StarTotalVotes], [Star1], [Star2], [Star3], [Star4], [Star5], [StarAvglVotes], [MadeInUSA], [Dimensions], [MarkupPct], [reorderQty], [Sizes], [EligibleForFreeSHipping], [Rating], [NbrRatings], [Vote1], [Vote2], [Vote3], [Vote4], [Vote5], [DefaultImageURL]) VALUES 
                             (N'Vitamin-150', N'NCHOICE', N'Vitamin E', N'Nature''s Choice', N'1', CONVERT([decimal](10, 2),29.95), 1024, CONVERT([decimal](3, 2),4.90), N'CS8OZBL', CONVERT([decimal](12, 2),4.00), N'oz.', CONVERT([decimal](10, 2),4.00), N'in.', CONVERT([decimal](12, 2),1.50), N'dia.', '20140707 15:14:13.613', '20140707 15:14:13.613', 1000,  N'USA', N'Instock365', NULL, N'glass', NULL, NULL, 1000, N'Vitamins', N'', 
					    N'Vitamins05.png', N'Vitamins05.png', N'Vitamins05.png', CONVERT([decimal](15, 3),0.250), CONVERT([decimal](15, 3),12.000), NULL, CONVERT([decimal](15, 3),18.000), NULL, CONVERT([decimal](15, 3),24.000), NULL, CONVERT([decimal](15, 3),48.000), NULL, NULL, NULL, NULL, NULL, NULL, NULL, NULL, NULL, NULL, NULL, NULL, NULL, NULL, 0, 0, 0, 0, 0, 0, CONVERT([decimal](4, 2),0.00), 0, NULL, CONVERT([decimal](6, 3),4.000), 10, NULL, 0, CONVERT([decimal](4, 2),5.00), 1200, 1150, 50, 0, 0, 0, NULL)

INSERT INTO [dbo].[Product] ([ProductID], [ManfID], [ShortTitle], [ProductManufacturer], [MinimumUnit], [UnitCost], [NbrReviews], [AvgRating], [ManfProdID], [ProdWeight], [ProdWeightUnit], [ProdHeight], [ProdHeightUnit], [ProdLength], [ProdLengthUnit], [LastModDate], [CreateDate], [QtyAvail], [type], [brand], [colors], [materials], [attributes], [upc], [inventory], [category], [subcategory], [image_small], [image_medium], [image_large], [item_weight], [tier_pack_1], [tier_price_1], [tier_pack_2], [tier_price_2], [tier_pack_3], [tier_price_3], [tier_pack_4], [tier_price_4], [case_pack], [case_pack_price], [on_sale], [sale_begins], [sale_ends], [QtySold7days], [QtySold14days], [QtySold30days], [QtySold60days], [QtySold90days], [QtySold180days], [QtySoldYear], [QtySoldToday], [StarTotalVotes], [Star1], [Star2], [Star3], [Star4], [Star5], [StarAvglVotes], [MadeInUSA], [Dimensions], [MarkupPct], [reorderQty], [Sizes], [EligibleForFreeSHipping], [Rating], [NbrRatings], [Vote1], [Vote2], [Vote3], [Vote4], [Vote5], [DefaultImageURL]) VALUES 
                             (N'Vitamin-160', N'NCHOICE', N'Vitamin B12', N'Nature''s Choice', N'1', CONVERT([decimal](10, 2),29.95), 1024, CONVERT([decimal](3, 2),4.90), N'CS8OZBL', CONVERT([decimal](12, 2),4.00), N'oz.', CONVERT([decimal](10, 2),4.00), N'in.', CONVERT([decimal](12, 2),1.50), N'dia.', '20140707 15:14:13.613', '20140707 15:14:13.613', 1000,  N'USA', N'Instock365', NULL, N'glass', NULL, NULL, 1000, N'Vitamins', N'', 
					    N'Vitamins06.png', N'Vitamins06.png', N'Vitamins06.png', CONVERT([decimal](15, 3),0.250), CONVERT([decimal](15, 3),12.000), NULL, CONVERT([decimal](15, 3),18.000), NULL, CONVERT([decimal](15, 3),24.000), NULL, CONVERT([decimal](15, 3),48.000), NULL, NULL, NULL, NULL, NULL, NULL, NULL, NULL, NULL, NULL, NULL, NULL, NULL, NULL, 0, 0, 0, 0, 0, 0, CONVERT([decimal](4, 2),0.00), 0, NULL, CONVERT([decimal](6, 3),4.000), 10, NULL, 0, CONVERT([decimal](4, 2),5.00), 1200, 1150, 50, 0, 0, 0, NULL)

INSERT INTO [dbo].[Product] ([ProductID], [ManfID], [ShortTitle], [ProductManufacturer], [MinimumUnit], [UnitCost], [NbrReviews], [AvgRating], [ManfProdID], [ProdWeight], [ProdWeightUnit], [ProdHeight], [ProdHeightUnit], [ProdLength], [ProdLengthUnit], [LastModDate], [CreateDate], [QtyAvail], [type], [brand], [colors], [materials], [attributes], [upc], [inventory], [category], [subcategory], [image_small], [image_medium], [image_large], [item_weight], [tier_pack_1], [tier_price_1], [tier_pack_2], [tier_price_2], [tier_pack_3], [tier_price_3], [tier_pack_4], [tier_price_4], [case_pack], [case_pack_price], [on_sale], [sale_begins], [sale_ends], [QtySold7days], [QtySold14days], [QtySold30days], [QtySold60days], [QtySold90days], [QtySold180days], [QtySoldYear], [QtySoldToday], [StarTotalVotes], [Star1], [Star2], [Star3], [Star4], [Star5], [StarAvglVotes], [MadeInUSA], [Dimensions], [MarkupPct], [reorderQty], [Sizes], [EligibleForFreeSHipping], [Rating], [NbrRatings], [Vote1], [Vote2], [Vote3], [Vote4], [Vote5], [DefaultImageURL]) VALUES 
                             (N'Vitamin-170', N'NCHOICE', N'Magnisium', N'Nature''s Choice', N'1', CONVERT([decimal](10, 2),29.95), 1024, CONVERT([decimal](3, 2),4.90), N'CS8OZBL', CONVERT([decimal](12, 2),4.00), N'oz.', CONVERT([decimal](10, 2),4.00), N'in.', CONVERT([decimal](12, 2),1.50), N'dia.', '20140707 15:14:13.613', '20140707 15:14:13.613', 1000,  N'USA', N'Instock365', NULL, N'glass', NULL, NULL, 1000, N'Vitamins', N'', 
					    N'Vitamins07.png', N'Vitamins07.png', N'Vitamins07.png', CONVERT([decimal](15, 3),0.250), CONVERT([decimal](15, 3),12.000), NULL, CONVERT([decimal](15, 3),18.000), NULL, CONVERT([decimal](15, 3),24.000), NULL, CONVERT([decimal](15, 3),48.000), NULL, NULL, NULL, NULL, NULL, NULL, NULL, NULL, NULL, NULL, NULL, NULL, NULL, NULL, 0, 0, 0, 0, 0, 0, CONVERT([decimal](4, 2),0.00), 0, NULL, CONVERT([decimal](6, 3),4.000), 10, NULL, 0, CONVERT([decimal](4, 2),5.00), 1200, 1150, 50, 0, 0, 0, NULL)

INSERT INTO [dbo].[Product] ([ProductID], [ManfID], [ShortTitle], [ProductManufacturer], [MinimumUnit], [UnitCost], [NbrReviews], [AvgRating], [ManfProdID], [ProdWeight], [ProdWeightUnit], [ProdHeight], [ProdHeightUnit], [ProdLength], [ProdLengthUnit], [LastModDate], [CreateDate], [QtyAvail], [type], [brand], [colors], [materials], [attributes], [upc], [inventory], [category], [subcategory], [image_small], [image_medium], [image_large], [item_weight], [tier_pack_1], [tier_price_1], [tier_pack_2], [tier_price_2], [tier_pack_3], [tier_price_3], [tier_pack_4], [tier_price_4], [case_pack], [case_pack_price], [on_sale], [sale_begins], [sale_ends], [QtySold7days], [QtySold14days], [QtySold30days], [QtySold60days], [QtySold90days], [QtySold180days], [QtySoldYear], [QtySoldToday], [StarTotalVotes], [Star1], [Star2], [Star3], [Star4], [Star5], [StarAvglVotes], [MadeInUSA], [Dimensions], [MarkupPct], [reorderQty], [Sizes], [EligibleForFreeSHipping], [Rating], [NbrRatings], [Vote1], [Vote2], [Vote3], [Vote4], [Vote5], [DefaultImageURL]) VALUES 
                             (N'Vitamin-180', N'NCHOICE', N'Potassium', N'Nature''s Choice', N'1', CONVERT([decimal](10, 2),29.95), 1024, CONVERT([decimal](3, 2),4.90), N'CS8OZBL', CONVERT([decimal](12, 2),4.00), N'oz.', CONVERT([decimal](10, 2),4.00), N'in.', CONVERT([decimal](12, 2),1.50), N'dia.', '20140707 15:14:13.613', '20140707 15:14:13.613', 1000,  N'USA', N'Instock365', NULL, N'glass', NULL, NULL, 1000, N'Vitamins', N'', 
					    N'Vitamins08.png', N'Vitamins08.png', N'Vitamins08.png', CONVERT([decimal](15, 3),0.250), CONVERT([decimal](15, 3),12.000), NULL, CONVERT([decimal](15, 3),18.000), NULL, CONVERT([decimal](15, 3),24.000), NULL, CONVERT([decimal](15, 3),48.000), NULL, NULL, NULL, NULL, NULL, NULL, NULL, NULL, NULL, NULL, NULL, NULL, NULL, NULL, 0, 0, 0, 0, 0, 0, CONVERT([decimal](4, 2),0.00), 0, NULL, CONVERT([decimal](6, 3),4.000), 10, NULL, 0, CONVERT([decimal](4, 2),5.00), 1200, 1150, 50, 0, 0, 0, NULL)

INSERT INTO [dbo].[ProductClass] ([ClassCode], [ProductID]) VALUES (N'Vitamins', N'Vitamin-110') ;
INSERT INTO [dbo].[ProductClass] ([ClassCode], [ProductID]) VALUES (N'Vitamins', N'Vitamin-120') ;
INSERT INTO [dbo].[ProductClass] ([ClassCode], [ProductID]) VALUES (N'Vitamins', N'Vitamin-130') ;
INSERT INTO [dbo].[ProductClass] ([ClassCode], [ProductID]) VALUES (N'Vitamins', N'Vitamin-140') ;
INSERT INTO [dbo].[ProductClass] ([ClassCode], [ProductID]) VALUES (N'Vitamins', N'Vitamin-150') ;
INSERT INTO [dbo].[ProductClass] ([ClassCode], [ProductID]) VALUES (N'Vitamins', N'Vitamin-160') ;
INSERT INTO [dbo].[ProductClass] ([ClassCode], [ProductID]) VALUES (N'Vitamins', N'Vitamin-170') ;
INSERT INTO [dbo].[ProductClass] ([ClassCode], [ProductID]) VALUES (N'Vitamins', N'Vitamin-180') ;




INSERT INTO [dbo].[Product] ([ProductID], [ManfID], [ShortTitle], [ProductManufacturer], [MinimumUnit], [UnitCost], [NbrReviews], [AvgRating], [ManfProdID], [ProdWeight], [ProdWeightUnit], [ProdHeight], [ProdHeightUnit], [ProdLength], [ProdLengthUnit], [LastModDate], [CreateDate], [QtyAvail], [type], [brand], [colors], [materials], [attributes], [upc], [inventory], [category], [subcategory], [image_small], [image_medium], [image_large], [item_weight], [tier_pack_1], [tier_price_1], [tier_pack_2], [tier_price_2], [tier_pack_3], [tier_price_3], [tier_pack_4], [tier_price_4], [case_pack], [case_pack_price], [on_sale], [sale_begins], [sale_ends], [QtySold7days], [QtySold14days], [QtySold30days], [QtySold60days], [QtySold90days], [QtySold180days], [QtySoldYear], [QtySoldToday], [StarTotalVotes], [Star1], [Star2], [Star3], [Star4], [Star5], [StarAvglVotes], [MadeInUSA], [Dimensions], [MarkupPct], [reorderQty], [Sizes], [EligibleForFreeSHipping], [Rating], [NbrRatings], [Vote1], [Vote2], [Vote3], [Vote4], [Vote5], [DefaultImageURL]) VALUES 
                             (N'Supplement10', N'NCHOICE', N'Vitamin A ', N'Nature''s Choice', N'1', CONVERT([decimal](10, 2),29.95), 1024, CONVERT([decimal](3, 2),4.90), N'CS8OZBL', CONVERT([decimal](12, 2),4.00), N'oz.', CONVERT([decimal](10, 2),4.00), N'in.', CONVERT([decimal](12, 2),1.50), N'dia.', '20140707 15:14:13.613', '20140707 15:14:13.613', 1000,  N'USA', N'Instock365', NULL, N'glass', NULL, NULL, 1000, N'Supplements', N'', 
					    N'Supplement01.jpg', N'Supplement01.jpg', N'Supplement01.jpg', CONVERT([decimal](15, 3),0.250), CONVERT([decimal](15, 3),12.000), NULL, CONVERT([decimal](15, 3),18.000), NULL, CONVERT([decimal](15, 3),24.000), NULL, CONVERT([decimal](15, 3),48.000), NULL, NULL, NULL, NULL, NULL, NULL, NULL, NULL, NULL, NULL, NULL, NULL, NULL, NULL, 0, 0, 0, 0, 0, 0, CONVERT([decimal](4, 2),0.00), 0, NULL, CONVERT([decimal](6, 3),4.000), 10, NULL, 0, CONVERT([decimal](4, 2),5.00), 1200, 1150, 50, 0, 0, 0, NULL)

INSERT INTO [dbo].[Product] ([ProductID], [ManfID], [ShortTitle], [ProductManufacturer], [MinimumUnit], [UnitCost], [NbrReviews], [AvgRating], [ManfProdID], [ProdWeight], [ProdWeightUnit], [ProdHeight], [ProdHeightUnit], [ProdLength], [ProdLengthUnit], [LastModDate], [CreateDate], [QtyAvail], [type], [brand], [colors], [materials], [attributes], [upc], [inventory], [category], [subcategory], [image_small], [image_medium], [image_large], [item_weight], [tier_pack_1], [tier_price_1], [tier_pack_2], [tier_price_2], [tier_pack_3], [tier_price_3], [tier_pack_4], [tier_price_4], [case_pack], [case_pack_price], [on_sale], [sale_begins], [sale_ends], [QtySold7days], [QtySold14days], [QtySold30days], [QtySold60days], [QtySold90days], [QtySold180days], [QtySoldYear], [QtySoldToday], [StarTotalVotes], [Star1], [Star2], [Star3], [Star4], [Star5], [StarAvglVotes], [MadeInUSA], [Dimensions], [MarkupPct], [reorderQty], [Sizes], [EligibleForFreeSHipping], [Rating], [NbrRatings], [Vote1], [Vote2], [Vote3], [Vote4], [Vote5], [DefaultImageURL]) VALUES 
                             (N'Supplement20', N'NCHOICE', N'Vitamin B', N'Nature''s Choice', N'1', CONVERT([decimal](10, 2),29.95), 1024, CONVERT([decimal](3, 2),4.90), N'CS8OZBL', CONVERT([decimal](12, 2),4.00), N'oz.', CONVERT([decimal](10, 2),4.00), N'in.', CONVERT([decimal](12, 2),1.50), N'dia.', '20140707 15:14:13.613', '20140707 15:14:13.613', 1000,  N'USA', N'Instock365', NULL, N'glass', NULL, NULL, 1000, N'Supplements', N'', 
					    N'Supplement02.png', N'Supplement02.png', N'Supplement02.png', CONVERT([decimal](15, 3),0.250), CONVERT([decimal](15, 3),12.000), NULL, CONVERT([decimal](15, 3),18.000), NULL, CONVERT([decimal](15, 3),24.000), NULL, CONVERT([decimal](15, 3),48.000), NULL, NULL, NULL, NULL, NULL, NULL, NULL, NULL, NULL, NULL, NULL, NULL, NULL, NULL, 0, 0, 0, 0, 0, 0, CONVERT([decimal](4, 2),0.00), 0, NULL, CONVERT([decimal](6, 3),4.000), 10, NULL, 0, CONVERT([decimal](4, 2),5.00), 1200, 1150, 50, 0, 0, 0, NULL)

INSERT INTO [dbo].[Product] ([ProductID], [ManfID], [ShortTitle], [ProductManufacturer], [MinimumUnit], [UnitCost], [NbrReviews], [AvgRating], [ManfProdID], [ProdWeight], [ProdWeightUnit], [ProdHeight], [ProdHeightUnit], [ProdLength], [ProdLengthUnit], [LastModDate], [CreateDate], [QtyAvail], [type], [brand], [colors], [materials], [attributes], [upc], [inventory], [category], [subcategory], [image_small], [image_medium], [image_large], [item_weight], [tier_pack_1], [tier_price_1], [tier_pack_2], [tier_price_2], [tier_pack_3], [tier_price_3], [tier_pack_4], [tier_price_4], [case_pack], [case_pack_price], [on_sale], [sale_begins], [sale_ends], [QtySold7days], [QtySold14days], [QtySold30days], [QtySold60days], [QtySold90days], [QtySold180days], [QtySoldYear], [QtySoldToday], [StarTotalVotes], [Star1], [Star2], [Star3], [Star4], [Star5], [StarAvglVotes], [MadeInUSA], [Dimensions], [MarkupPct], [reorderQty], [Sizes], [EligibleForFreeSHipping], [Rating], [NbrRatings], [Vote1], [Vote2], [Vote3], [Vote4], [Vote5], [DefaultImageURL]) VALUES 
                             (N'Supplement30', N'NCHOICE', N'Vitamin C', N'Nature''s Choice', N'1', CONVERT([decimal](10, 2),29.95), 1024, CONVERT([decimal](3, 2),4.90), N'CS8OZBL', CONVERT([decimal](12, 2),4.00), N'oz.', CONVERT([decimal](10, 2),4.00), N'in.', CONVERT([decimal](12, 2),1.50), N'dia.', '20140707 15:14:13.613', '20140707 15:14:13.613', 1000,  N'USA', N'Instock365', NULL, N'glass', NULL, NULL, 1000, N'Supplements', N'', 
					    N'Supplement03.png', N'Supplement03.png', N'Supplement03.png', CONVERT([decimal](15, 3),0.250), CONVERT([decimal](15, 3),12.000), NULL, CONVERT([decimal](15, 3),18.000), NULL, CONVERT([decimal](15, 3),24.000), NULL, CONVERT([decimal](15, 3),48.000), NULL, NULL, NULL, NULL, NULL, NULL, NULL, NULL, NULL, NULL, NULL, NULL, NULL, NULL, 0, 0, 0, 0, 0, 0, CONVERT([decimal](4, 2),0.00), 0, NULL, CONVERT([decimal](6, 3),4.000), 10, NULL, 0, CONVERT([decimal](4, 2),5.00), 1200, 1150, 50, 0, 0, 0, NULL)

INSERT INTO [dbo].[Product] ([ProductID], [ManfID], [ShortTitle], [ProductManufacturer], [MinimumUnit], [UnitCost], [NbrReviews], [AvgRating], [ManfProdID], [ProdWeight], [ProdWeightUnit], [ProdHeight], [ProdHeightUnit], [ProdLength], [ProdLengthUnit], [LastModDate], [CreateDate], [QtyAvail], [type], [brand], [colors], [materials], [attributes], [upc], [inventory], [category], [subcategory], [image_small], [image_medium], [image_large], [item_weight], [tier_pack_1], [tier_price_1], [tier_pack_2], [tier_price_2], [tier_pack_3], [tier_price_3], [tier_pack_4], [tier_price_4], [case_pack], [case_pack_price], [on_sale], [sale_begins], [sale_ends], [QtySold7days], [QtySold14days], [QtySold30days], [QtySold60days], [QtySold90days], [QtySold180days], [QtySoldYear], [QtySoldToday], [StarTotalVotes], [Star1], [Star2], [Star3], [Star4], [Star5], [StarAvglVotes], [MadeInUSA], [Dimensions], [MarkupPct], [reorderQty], [Sizes], [EligibleForFreeSHipping], [Rating], [NbrRatings], [Vote1], [Vote2], [Vote3], [Vote4], [Vote5], [DefaultImageURL]) VALUES 
                             (N'Supplement40', N'NCHOICE', N'Vitamin D', N'Nature''s Choice', N'1', CONVERT([decimal](10, 2),29.95), 1024, CONVERT([decimal](3, 2),4.90), N'CS8OZBL', CONVERT([decimal](12, 2),4.00), N'oz.', CONVERT([decimal](10, 2),4.00), N'in.', CONVERT([decimal](12, 2),1.50), N'dia.', '20140707 15:14:13.613', '20140707 15:14:13.613', 1000,  N'USA', N'Instock365', NULL, N'glass', NULL, NULL, 1000, N'Supplements', N'', 
					    N'Supplement04.png', N'Supplement04.png', N'Supplement04.png', CONVERT([decimal](15, 3),0.250), CONVERT([decimal](15, 3),12.000), NULL, CONVERT([decimal](15, 3),18.000), NULL, CONVERT([decimal](15, 3),24.000), NULL, CONVERT([decimal](15, 3),48.000), NULL, NULL, NULL, NULL, NULL, NULL, NULL, NULL, NULL, NULL, NULL, NULL, NULL, NULL, 0, 0, 0, 0, 0, 0, CONVERT([decimal](4, 2),0.00), 0, NULL, CONVERT([decimal](6, 3),4.000), 10, NULL, 0, CONVERT([decimal](4, 2),5.00), 1200, 1150, 50, 0, 0, 0, NULL)

INSERT INTO [dbo].[Product] ([ProductID], [ManfID], [ShortTitle], [ProductManufacturer], [MinimumUnit], [UnitCost], [NbrReviews], [AvgRating], [ManfProdID], [ProdWeight], [ProdWeightUnit], [ProdHeight], [ProdHeightUnit], [ProdLength], [ProdLengthUnit], [LastModDate], [CreateDate], [QtyAvail], [type], [brand], [colors], [materials], [attributes], [upc], [inventory], [category], [subcategory], [image_small], [image_medium], [image_large], [item_weight], [tier_pack_1], [tier_price_1], [tier_pack_2], [tier_price_2], [tier_pack_3], [tier_price_3], [tier_pack_4], [tier_price_4], [case_pack], [case_pack_price], [on_sale], [sale_begins], [sale_ends], [QtySold7days], [QtySold14days], [QtySold30days], [QtySold60days], [QtySold90days], [QtySold180days], [QtySoldYear], [QtySoldToday], [StarTotalVotes], [Star1], [Star2], [Star3], [Star4], [Star5], [StarAvglVotes], [MadeInUSA], [Dimensions], [MarkupPct], [reorderQty], [Sizes], [EligibleForFreeSHipping], [Rating], [NbrRatings], [Vote1], [Vote2], [Vote3], [Vote4], [Vote5], [DefaultImageURL]) VALUES 
                             (N'Supplement50', N'NCHOICE', N'Vitamin E', N'Nature''s Choice', N'1', CONVERT([decimal](10, 2),29.95), 1024, CONVERT([decimal](3, 2),4.90), N'CS8OZBL', CONVERT([decimal](12, 2),4.00), N'oz.', CONVERT([decimal](10, 2),4.00), N'in.', CONVERT([decimal](12, 2),1.50), N'dia.', '20140707 15:14:13.613', '20140707 15:14:13.613', 1000,  N'USA', N'Instock365', NULL, N'glass', NULL, NULL, 1000, N'Supplements', N'', 
					    N'Supplement05.png', N'Supplement05.png', N'Supplement05.png', CONVERT([decimal](15, 3),0.250), CONVERT([decimal](15, 3),12.000), NULL, CONVERT([decimal](15, 3),18.000), NULL, CONVERT([decimal](15, 3),24.000), NULL, CONVERT([decimal](15, 3),48.000), NULL, NULL, NULL, NULL, NULL, NULL, NULL, NULL, NULL, NULL, NULL, NULL, NULL, NULL, 0, 0, 0, 0, 0, 0, CONVERT([decimal](4, 2),0.00), 0, NULL, CONVERT([decimal](6, 3),4.000), 10, NULL, 0, CONVERT([decimal](4, 2),5.00), 1200, 1150, 50, 0, 0, 0, NULL)

INSERT INTO [dbo].[Product] ([ProductID], [ManfID], [ShortTitle], [ProductManufacturer], [MinimumUnit], [UnitCost], [NbrReviews], [AvgRating], [ManfProdID], [ProdWeight], [ProdWeightUnit], [ProdHeight], [ProdHeightUnit], [ProdLength], [ProdLengthUnit], [LastModDate], [CreateDate], [QtyAvail], [type], [brand], [colors], [materials], [attributes], [upc], [inventory], [category], [subcategory], [image_small], [image_medium], [image_large], [item_weight], [tier_pack_1], [tier_price_1], [tier_pack_2], [tier_price_2], [tier_pack_3], [tier_price_3], [tier_pack_4], [tier_price_4], [case_pack], [case_pack_price], [on_sale], [sale_begins], [sale_ends], [QtySold7days], [QtySold14days], [QtySold30days], [QtySold60days], [QtySold90days], [QtySold180days], [QtySoldYear], [QtySoldToday], [StarTotalVotes], [Star1], [Star2], [Star3], [Star4], [Star5], [StarAvglVotes], [MadeInUSA], [Dimensions], [MarkupPct], [reorderQty], [Sizes], [EligibleForFreeSHipping], [Rating], [NbrRatings], [Vote1], [Vote2], [Vote3], [Vote4], [Vote5], [DefaultImageURL]) VALUES 
                             (N'Supplement60', N'NCHOICE', N'Vitamin B12', N'Nature''s Choice', N'1', CONVERT([decimal](10, 2),29.95), 1024, CONVERT([decimal](3, 2),4.90), N'CS8OZBL', CONVERT([decimal](12, 2),4.00), N'oz.', CONVERT([decimal](10, 2),4.00), N'in.', CONVERT([decimal](12, 2),1.50), N'dia.', '20140707 15:14:13.613', '20140707 15:14:13.613', 1000,  N'USA', N'Instock365', NULL, N'glass', NULL, NULL, 1000, N'Supplements', N'', 
					    N'Supplement06.png', N'Supplement06.png', N'Supplement06.png', CONVERT([decimal](15, 3),0.250), CONVERT([decimal](15, 3),12.000), NULL, CONVERT([decimal](15, 3),18.000), NULL, CONVERT([decimal](15, 3),24.000), NULL, CONVERT([decimal](15, 3),48.000), NULL, NULL, NULL, NULL, NULL, NULL, NULL, NULL, NULL, NULL, NULL, NULL, NULL, NULL, 0, 0, 0, 0, 0, 0, CONVERT([decimal](4, 2),0.00), 0, NULL, CONVERT([decimal](6, 3),4.000), 10, NULL, 0, CONVERT([decimal](4, 2),5.00), 1200, 1150, 50, 0, 0, 0, NULL)

INSERT INTO [dbo].[Product] ([ProductID], [ManfID], [ShortTitle], [ProductManufacturer], [MinimumUnit], [UnitCost], [NbrReviews], [AvgRating], [ManfProdID], [ProdWeight], [ProdWeightUnit], [ProdHeight], [ProdHeightUnit], [ProdLength], [ProdLengthUnit], [LastModDate], [CreateDate], [QtyAvail], [type], [brand], [colors], [materials], [attributes], [upc], [inventory], [category], [subcategory], [image_small], [image_medium], [image_large], [item_weight], [tier_pack_1], [tier_price_1], [tier_pack_2], [tier_price_2], [tier_pack_3], [tier_price_3], [tier_pack_4], [tier_price_4], [case_pack], [case_pack_price], [on_sale], [sale_begins], [sale_ends], [QtySold7days], [QtySold14days], [QtySold30days], [QtySold60days], [QtySold90days], [QtySold180days], [QtySoldYear], [QtySoldToday], [StarTotalVotes], [Star1], [Star2], [Star3], [Star4], [Star5], [StarAvglVotes], [MadeInUSA], [Dimensions], [MarkupPct], [reorderQty], [Sizes], [EligibleForFreeSHipping], [Rating], [NbrRatings], [Vote1], [Vote2], [Vote3], [Vote4], [Vote5], [DefaultImageURL]) VALUES 
                             (N'Supplement70', N'NCHOICE', N'Magnisium', N'Nature''s Choice', N'1', CONVERT([decimal](10, 2),29.95), 1024, CONVERT([decimal](3, 2),4.90), N'CS8OZBL', CONVERT([decimal](12, 2),4.00), N'oz.', CONVERT([decimal](10, 2),4.00), N'in.', CONVERT([decimal](12, 2),1.50), N'dia.', '20140707 15:14:13.613', '20140707 15:14:13.613', 1000,  N'USA', N'Instock365', NULL, N'glass', NULL, NULL, 1000, N'Supplements', N'', 
					    N'Supplement07.png', N'Supplement07.png', N'Supplement07.png', CONVERT([decimal](15, 3),0.250), CONVERT([decimal](15, 3),12.000), NULL, CONVERT([decimal](15, 3),18.000), NULL, CONVERT([decimal](15, 3),24.000), NULL, CONVERT([decimal](15, 3),48.000), NULL, NULL, NULL, NULL, NULL, NULL, NULL, NULL, NULL, NULL, NULL, NULL, NULL, NULL, 0, 0, 0, 0, 0, 0, CONVERT([decimal](4, 2),0.00), 0, NULL, CONVERT([decimal](6, 3),4.000), 10, NULL, 0, CONVERT([decimal](4, 2),5.00), 1200, 1150, 50, 0, 0, 0, NULL)

INSERT INTO [dbo].[Product] ([ProductID], [ManfID], [ShortTitle], [ProductManufacturer], [MinimumUnit], [UnitCost], [NbrReviews], [AvgRating], [ManfProdID], [ProdWeight], [ProdWeightUnit], [ProdHeight], [ProdHeightUnit], [ProdLength], [ProdLengthUnit], [LastModDate], [CreateDate], [QtyAvail], [type], [brand], [colors], [materials], [attributes], [upc], [inventory], [category], [subcategory], [image_small], [image_medium], [image_large], [item_weight], [tier_pack_1], [tier_price_1], [tier_pack_2], [tier_price_2], [tier_pack_3], [tier_price_3], [tier_pack_4], [tier_price_4], [case_pack], [case_pack_price], [on_sale], [sale_begins], [sale_ends], [QtySold7days], [QtySold14days], [QtySold30days], [QtySold60days], [QtySold90days], [QtySold180days], [QtySoldYear], [QtySoldToday], [StarTotalVotes], [Star1], [Star2], [Star3], [Star4], [Star5], [StarAvglVotes], [MadeInUSA], [Dimensions], [MarkupPct], [reorderQty], [Sizes], [EligibleForFreeSHipping], [Rating], [NbrRatings], [Vote1], [Vote2], [Vote3], [Vote4], [Vote5], [DefaultImageURL]) VALUES 
                             (N'Supplement80', N'NCHOICE', N'Potassium', N'Nature''s Choice', N'1', CONVERT([decimal](10, 2),29.95), 1024, CONVERT([decimal](3, 2),4.90), N'CS8OZBL', CONVERT([decimal](12, 2),4.00), N'oz.', CONVERT([decimal](10, 2),4.00), N'in.', CONVERT([decimal](12, 2),1.50), N'dia.', '20140707 15:14:13.613', '20140707 15:14:13.613', 1000,  N'USA', N'Instock365', NULL, N'glass', NULL, NULL, 1000, N'Supplements', N'', 
					    N'Supplement08.png', N'Supplement08.png', N'Supplement08.png', CONVERT([decimal](15, 3),0.250), CONVERT([decimal](15, 3),12.000), NULL, CONVERT([decimal](15, 3),18.000), NULL, CONVERT([decimal](15, 3),24.000), NULL, CONVERT([decimal](15, 3),48.000), NULL, NULL, NULL, NULL, NULL, NULL, NULL, NULL, NULL, NULL, NULL, NULL, NULL, NULL, 0, 0, 0, 0, 0, 0, CONVERT([decimal](4, 2),0.00), 0, NULL, CONVERT([decimal](6, 3),4.000), 10, NULL, 0, CONVERT([decimal](4, 2),5.00), 1200, 1150, 50, 0, 0, 0, NULL)

INSERT INTO [dbo].[ProductClass] ([ClassCode], [ProductID]) VALUES (N'Supplements', N'Supplement10') ;
INSERT INTO [dbo].[ProductClass] ([ClassCode], [ProductID]) VALUES (N'Supplements', N'Supplement20') ;
INSERT INTO [dbo].[ProductClass] ([ClassCode], [ProductID]) VALUES (N'Supplements', N'Supplement30') ;
INSERT INTO [dbo].[ProductClass] ([ClassCode], [ProductID]) VALUES (N'Supplements', N'Supplement40') ;
INSERT INTO [dbo].[ProductClass] ([ClassCode], [ProductID]) VALUES (N'Supplements', N'Supplement50') ;
INSERT INTO [dbo].[ProductClass] ([ClassCode], [ProductID]) VALUES (N'Supplements', N'Supplement60') ;
INSERT INTO [dbo].[ProductClass] ([ClassCode], [ProductID]) VALUES (N'Supplements', N'Supplement70') ;
INSERT INTO [dbo].[ProductClass] ([ClassCode], [ProductID]) VALUES (N'Supplements', N'Supplement80') ;





INSERT INTO [dbo].[Product] ([ProductID], [ManfID], [ShortTitle], [ProductManufacturer], [MinimumUnit], [UnitCost], [NbrReviews], [AvgRating], [ManfProdID], [ProdWeight], [ProdWeightUnit], [ProdHeight], [ProdHeightUnit], [ProdLength], [ProdLengthUnit], [LastModDate], [CreateDate], [QtyAvail], [type], [brand], [colors], [materials], [attributes], [upc], [inventory], [category], [subcategory], [image_small], [image_medium], [image_large], [item_weight], [tier_pack_1], [tier_price_1], [tier_pack_2], [tier_price_2], [tier_pack_3], [tier_price_3], [tier_pack_4], [tier_price_4], [case_pack], [case_pack_price], [on_sale], [sale_begins], [sale_ends], [QtySold7days], [QtySold14days], [QtySold30days], [QtySold60days], [QtySold90days], [QtySold180days], [QtySoldYear], [QtySoldToday], [StarTotalVotes], [Star1], [Star2], [Star3], [Star4], [Star5], [StarAvglVotes], [MadeInUSA], [Dimensions], [MarkupPct], [reorderQty], [Sizes], [EligibleForFreeSHipping], [Rating], [NbrRatings], [Vote1], [Vote2], [Vote3], [Vote4], [Vote5], [DefaultImageURL]) VALUES 
                             (N'SkinCare10', N'NCHOICE', N'Vitamin A ', N'Nature''s Choice', N'1', CONVERT([decimal](10, 2),29.95), 1024, CONVERT([decimal](3, 2),4.90), N'CS8OZBL', CONVERT([decimal](12, 2),4.00), N'oz.', CONVERT([decimal](10, 2),4.00), N'in.', CONVERT([decimal](12, 2),1.50), N'dia.', '20140707 15:14:13.613', '20140707 15:14:13.613', 1000,  N'USA', N'Instock365', NULL, N'glass', NULL, NULL, 1000, N'Natural Skin Care', N'', 
					    N'SkinCare01.jpg', N'SkinCare01.jpg', N'SkinCare01.jpg', CONVERT([decimal](15, 3),0.250), CONVERT([decimal](15, 3),12.000), NULL, CONVERT([decimal](15, 3),18.000), NULL, CONVERT([decimal](15, 3),24.000), NULL, CONVERT([decimal](15, 3),48.000), NULL, NULL, NULL, NULL, NULL, NULL, NULL, NULL, NULL, NULL, NULL, NULL, NULL, NULL, 0, 0, 0, 0, 0, 0, CONVERT([decimal](4, 2),0.00), 0, NULL, CONVERT([decimal](6, 3),4.000), 10, NULL, 0, CONVERT([decimal](4, 2),5.00), 1200, 1150, 50, 0, 0, 0, NULL)

INSERT INTO [dbo].[Product] ([ProductID], [ManfID], [ShortTitle], [ProductManufacturer], [MinimumUnit], [UnitCost], [NbrReviews], [AvgRating], [ManfProdID], [ProdWeight], [ProdWeightUnit], [ProdHeight], [ProdHeightUnit], [ProdLength], [ProdLengthUnit], [LastModDate], [CreateDate], [QtyAvail], [type], [brand], [colors], [materials], [attributes], [upc], [inventory], [category], [subcategory], [image_small], [image_medium], [image_large], [item_weight], [tier_pack_1], [tier_price_1], [tier_pack_2], [tier_price_2], [tier_pack_3], [tier_price_3], [tier_pack_4], [tier_price_4], [case_pack], [case_pack_price], [on_sale], [sale_begins], [sale_ends], [QtySold7days], [QtySold14days], [QtySold30days], [QtySold60days], [QtySold90days], [QtySold180days], [QtySoldYear], [QtySoldToday], [StarTotalVotes], [Star1], [Star2], [Star3], [Star4], [Star5], [StarAvglVotes], [MadeInUSA], [Dimensions], [MarkupPct], [reorderQty], [Sizes], [EligibleForFreeSHipping], [Rating], [NbrRatings], [Vote1], [Vote2], [Vote3], [Vote4], [Vote5], [DefaultImageURL]) VALUES 
                             (N'SkinCare20', N'NCHOICE', N'Vitamin B', N'Nature''s Choice', N'1', CONVERT([decimal](10, 2),29.95), 1024, CONVERT([decimal](3, 2),4.90), N'CS8OZBL', CONVERT([decimal](12, 2),4.00), N'oz.', CONVERT([decimal](10, 2),4.00), N'in.', CONVERT([decimal](12, 2),1.50), N'dia.', '20140707 15:14:13.613', '20140707 15:14:13.613', 1000,  N'USA', N'Instock365', NULL, N'glass', NULL, NULL, 1000, N'Natural Skin Care', N'', 
					    N'SkinCare02.png', N'SkinCare02.png', N'SkinCare02.png', CONVERT([decimal](15, 3),0.250), CONVERT([decimal](15, 3),12.000), NULL, CONVERT([decimal](15, 3),18.000), NULL, CONVERT([decimal](15, 3),24.000), NULL, CONVERT([decimal](15, 3),48.000), NULL, NULL, NULL, NULL, NULL, NULL, NULL, NULL, NULL, NULL, NULL, NULL, NULL, NULL, 0, 0, 0, 0, 0, 0, CONVERT([decimal](4, 2),0.00), 0, NULL, CONVERT([decimal](6, 3),4.000), 10, NULL, 0, CONVERT([decimal](4, 2),5.00), 1200, 1150, 50, 0, 0, 0, NULL)

INSERT INTO [dbo].[Product] ([ProductID], [ManfID], [ShortTitle], [ProductManufacturer], [MinimumUnit], [UnitCost], [NbrReviews], [AvgRating], [ManfProdID], [ProdWeight], [ProdWeightUnit], [ProdHeight], [ProdHeightUnit], [ProdLength], [ProdLengthUnit], [LastModDate], [CreateDate], [QtyAvail], [type], [brand], [colors], [materials], [attributes], [upc], [inventory], [category], [subcategory], [image_small], [image_medium], [image_large], [item_weight], [tier_pack_1], [tier_price_1], [tier_pack_2], [tier_price_2], [tier_pack_3], [tier_price_3], [tier_pack_4], [tier_price_4], [case_pack], [case_pack_price], [on_sale], [sale_begins], [sale_ends], [QtySold7days], [QtySold14days], [QtySold30days], [QtySold60days], [QtySold90days], [QtySold180days], [QtySoldYear], [QtySoldToday], [StarTotalVotes], [Star1], [Star2], [Star3], [Star4], [Star5], [StarAvglVotes], [MadeInUSA], [Dimensions], [MarkupPct], [reorderQty], [Sizes], [EligibleForFreeSHipping], [Rating], [NbrRatings], [Vote1], [Vote2], [Vote3], [Vote4], [Vote5], [DefaultImageURL]) VALUES 
                             (N'SkinCare30', N'NCHOICE', N'Vitamin C', N'Nature''s Choice', N'1', CONVERT([decimal](10, 2),29.95), 1024, CONVERT([decimal](3, 2),4.90), N'CS8OZBL', CONVERT([decimal](12, 2),4.00), N'oz.', CONVERT([decimal](10, 2),4.00), N'in.', CONVERT([decimal](12, 2),1.50), N'dia.', '20140707 15:14:13.613', '20140707 15:14:13.613', 1000,  N'USA', N'Instock365', NULL, N'glass', NULL, NULL, 1000, N'Natural Skin Care', N'', 
					    N'SkinCare03.png', N'SkinCare03.png', N'SkinCare03.png', CONVERT([decimal](15, 3),0.250), CONVERT([decimal](15, 3),12.000), NULL, CONVERT([decimal](15, 3),18.000), NULL, CONVERT([decimal](15, 3),24.000), NULL, CONVERT([decimal](15, 3),48.000), NULL, NULL, NULL, NULL, NULL, NULL, NULL, NULL, NULL, NULL, NULL, NULL, NULL, NULL, 0, 0, 0, 0, 0, 0, CONVERT([decimal](4, 2),0.00), 0, NULL, CONVERT([decimal](6, 3),4.000), 10, NULL, 0, CONVERT([decimal](4, 2),5.00), 1200, 1150, 50, 0, 0, 0, NULL)

INSERT INTO [dbo].[Product] ([ProductID], [ManfID], [ShortTitle], [ProductManufacturer], [MinimumUnit], [UnitCost], [NbrReviews], [AvgRating], [ManfProdID], [ProdWeight], [ProdWeightUnit], [ProdHeight], [ProdHeightUnit], [ProdLength], [ProdLengthUnit], [LastModDate], [CreateDate], [QtyAvail], [type], [brand], [colors], [materials], [attributes], [upc], [inventory], [category], [subcategory], [image_small], [image_medium], [image_large], [item_weight], [tier_pack_1], [tier_price_1], [tier_pack_2], [tier_price_2], [tier_pack_3], [tier_price_3], [tier_pack_4], [tier_price_4], [case_pack], [case_pack_price], [on_sale], [sale_begins], [sale_ends], [QtySold7days], [QtySold14days], [QtySold30days], [QtySold60days], [QtySold90days], [QtySold180days], [QtySoldYear], [QtySoldToday], [StarTotalVotes], [Star1], [Star2], [Star3], [Star4], [Star5], [StarAvglVotes], [MadeInUSA], [Dimensions], [MarkupPct], [reorderQty], [Sizes], [EligibleForFreeSHipping], [Rating], [NbrRatings], [Vote1], [Vote2], [Vote3], [Vote4], [Vote5], [DefaultImageURL]) VALUES 
                             (N'SkinCare40', N'NCHOICE', N'Vitamin D', N'Nature''s Choice', N'1', CONVERT([decimal](10, 2),29.95), 1024, CONVERT([decimal](3, 2),4.90), N'CS8OZBL', CONVERT([decimal](12, 2),4.00), N'oz.', CONVERT([decimal](10, 2),4.00), N'in.', CONVERT([decimal](12, 2),1.50), N'dia.', '20140707 15:14:13.613', '20140707 15:14:13.613', 1000,  N'USA', N'Instock365', NULL, N'glass', NULL, NULL, 1000, N'Natural Skin Care', N'', 
					    N'SkinCare04.png', N'SkinCare04.png', N'SkinCare04.png', CONVERT([decimal](15, 3),0.250), CONVERT([decimal](15, 3),12.000), NULL, CONVERT([decimal](15, 3),18.000), NULL, CONVERT([decimal](15, 3),24.000), NULL, CONVERT([decimal](15, 3),48.000), NULL, NULL, NULL, NULL, NULL, NULL, NULL, NULL, NULL, NULL, NULL, NULL, NULL, NULL, 0, 0, 0, 0, 0, 0, CONVERT([decimal](4, 2),0.00), 0, NULL, CONVERT([decimal](6, 3),4.000), 10, NULL, 0, CONVERT([decimal](4, 2),5.00), 1200, 1150, 50, 0, 0, 0, NULL)

INSERT INTO [dbo].[Product] ([ProductID], [ManfID], [ShortTitle], [ProductManufacturer], [MinimumUnit], [UnitCost], [NbrReviews], [AvgRating], [ManfProdID], [ProdWeight], [ProdWeightUnit], [ProdHeight], [ProdHeightUnit], [ProdLength], [ProdLengthUnit], [LastModDate], [CreateDate], [QtyAvail], [type], [brand], [colors], [materials], [attributes], [upc], [inventory], [category], [subcategory], [image_small], [image_medium], [image_large], [item_weight], [tier_pack_1], [tier_price_1], [tier_pack_2], [tier_price_2], [tier_pack_3], [tier_price_3], [tier_pack_4], [tier_price_4], [case_pack], [case_pack_price], [on_sale], [sale_begins], [sale_ends], [QtySold7days], [QtySold14days], [QtySold30days], [QtySold60days], [QtySold90days], [QtySold180days], [QtySoldYear], [QtySoldToday], [StarTotalVotes], [Star1], [Star2], [Star3], [Star4], [Star5], [StarAvglVotes], [MadeInUSA], [Dimensions], [MarkupPct], [reorderQty], [Sizes], [EligibleForFreeSHipping], [Rating], [NbrRatings], [Vote1], [Vote2], [Vote3], [Vote4], [Vote5], [DefaultImageURL]) VALUES 
                             (N'SkinCare50', N'NCHOICE', N'Vitamin E', N'Nature''s Choice', N'1', CONVERT([decimal](10, 2),29.95), 1024, CONVERT([decimal](3, 2),4.90), N'CS8OZBL', CONVERT([decimal](12, 2),4.00), N'oz.', CONVERT([decimal](10, 2),4.00), N'in.', CONVERT([decimal](12, 2),1.50), N'dia.', '20140707 15:14:13.613', '20140707 15:14:13.613', 1000,  N'USA', N'Instock365', NULL, N'glass', NULL, NULL, 1000, N'Natural Skin Care', N'', 
					    N'SkinCare05.png', N'SkinCare05.png', N'SkinCare05.png', CONVERT([decimal](15, 3),0.250), CONVERT([decimal](15, 3),12.000), NULL, CONVERT([decimal](15, 3),18.000), NULL, CONVERT([decimal](15, 3),24.000), NULL, CONVERT([decimal](15, 3),48.000), NULL, NULL, NULL, NULL, NULL, NULL, NULL, NULL, NULL, NULL, NULL, NULL, NULL, NULL, 0, 0, 0, 0, 0, 0, CONVERT([decimal](4, 2),0.00), 0, NULL, CONVERT([decimal](6, 3),4.000), 10, NULL, 0, CONVERT([decimal](4, 2),5.00), 1200, 1150, 50, 0, 0, 0, NULL)

INSERT INTO [dbo].[Product] ([ProductID], [ManfID], [ShortTitle], [ProductManufacturer], [MinimumUnit], [UnitCost], [NbrReviews], [AvgRating], [ManfProdID], [ProdWeight], [ProdWeightUnit], [ProdHeight], [ProdHeightUnit], [ProdLength], [ProdLengthUnit], [LastModDate], [CreateDate], [QtyAvail], [type], [brand], [colors], [materials], [attributes], [upc], [inventory], [category], [subcategory], [image_small], [image_medium], [image_large], [item_weight], [tier_pack_1], [tier_price_1], [tier_pack_2], [tier_price_2], [tier_pack_3], [tier_price_3], [tier_pack_4], [tier_price_4], [case_pack], [case_pack_price], [on_sale], [sale_begins], [sale_ends], [QtySold7days], [QtySold14days], [QtySold30days], [QtySold60days], [QtySold90days], [QtySold180days], [QtySoldYear], [QtySoldToday], [StarTotalVotes], [Star1], [Star2], [Star3], [Star4], [Star5], [StarAvglVotes], [MadeInUSA], [Dimensions], [MarkupPct], [reorderQty], [Sizes], [EligibleForFreeSHipping], [Rating], [NbrRatings], [Vote1], [Vote2], [Vote3], [Vote4], [Vote5], [DefaultImageURL]) VALUES 
                             (N'SkinCare60', N'NCHOICE', N'Vitamin B12', N'Nature''s Choice', N'1', CONVERT([decimal](10, 2),29.95), 1024, CONVERT([decimal](3, 2),4.90), N'CS8OZBL', CONVERT([decimal](12, 2),4.00), N'oz.', CONVERT([decimal](10, 2),4.00), N'in.', CONVERT([decimal](12, 2),1.50), N'dia.', '20140707 15:14:13.613', '20140707 15:14:13.613', 1000,  N'USA', N'Instock365', NULL, N'glass', NULL, NULL, 1000, N'Natural Skin Care', N'', 
					    N'SkinCare06.png', N'SkinCare06.png', N'SkinCare06.png', CONVERT([decimal](15, 3),0.250), CONVERT([decimal](15, 3),12.000), NULL, CONVERT([decimal](15, 3),18.000), NULL, CONVERT([decimal](15, 3),24.000), NULL, CONVERT([decimal](15, 3),48.000), NULL, NULL, NULL, NULL, NULL, NULL, NULL, NULL, NULL, NULL, NULL, NULL, NULL, NULL, 0, 0, 0, 0, 0, 0, CONVERT([decimal](4, 2),0.00), 0, NULL, CONVERT([decimal](6, 3),4.000), 10, NULL, 0, CONVERT([decimal](4, 2),5.00), 1200, 1150, 50, 0, 0, 0, NULL)

INSERT INTO [dbo].[Product] ([ProductID], [ManfID], [ShortTitle], [ProductManufacturer], [MinimumUnit], [UnitCost], [NbrReviews], [AvgRating], [ManfProdID], [ProdWeight], [ProdWeightUnit], [ProdHeight], [ProdHeightUnit], [ProdLength], [ProdLengthUnit], [LastModDate], [CreateDate], [QtyAvail], [type], [brand], [colors], [materials], [attributes], [upc], [inventory], [category], [subcategory], [image_small], [image_medium], [image_large], [item_weight], [tier_pack_1], [tier_price_1], [tier_pack_2], [tier_price_2], [tier_pack_3], [tier_price_3], [tier_pack_4], [tier_price_4], [case_pack], [case_pack_price], [on_sale], [sale_begins], [sale_ends], [QtySold7days], [QtySold14days], [QtySold30days], [QtySold60days], [QtySold90days], [QtySold180days], [QtySoldYear], [QtySoldToday], [StarTotalVotes], [Star1], [Star2], [Star3], [Star4], [Star5], [StarAvglVotes], [MadeInUSA], [Dimensions], [MarkupPct], [reorderQty], [Sizes], [EligibleForFreeSHipping], [Rating], [NbrRatings], [Vote1], [Vote2], [Vote3], [Vote4], [Vote5], [DefaultImageURL]) VALUES 
                             (N'SkinCare70', N'NCHOICE', N'Magnisium', N'Nature''s Choice', N'1', CONVERT([decimal](10, 2),29.95), 1024, CONVERT([decimal](3, 2),4.90), N'CS8OZBL', CONVERT([decimal](12, 2),4.00), N'oz.', CONVERT([decimal](10, 2),4.00), N'in.', CONVERT([decimal](12, 2),1.50), N'dia.', '20140707 15:14:13.613', '20140707 15:14:13.613', 1000,  N'USA', N'Instock365', NULL, N'glass', NULL, NULL, 1000, N'Natural Skin Care', N'', 
					    N'SkinCare07.png', N'SkinCare07.png', N'SkinCare07.png', CONVERT([decimal](15, 3),0.250), CONVERT([decimal](15, 3),12.000), NULL, CONVERT([decimal](15, 3),18.000), NULL, CONVERT([decimal](15, 3),24.000), NULL, CONVERT([decimal](15, 3),48.000), NULL, NULL, NULL, NULL, NULL, NULL, NULL, NULL, NULL, NULL, NULL, NULL, NULL, NULL, 0, 0, 0, 0, 0, 0, CONVERT([decimal](4, 2),0.00), 0, NULL, CONVERT([decimal](6, 3),4.000), 10, NULL, 0, CONVERT([decimal](4, 2),5.00), 1200, 1150, 50, 0, 0, 0, NULL)

INSERT INTO [dbo].[Product] ([ProductID], [ManfID], [ShortTitle], [ProductManufacturer], [MinimumUnit], [UnitCost], [NbrReviews], [AvgRating], [ManfProdID], [ProdWeight], [ProdWeightUnit], [ProdHeight], [ProdHeightUnit], [ProdLength], [ProdLengthUnit], [LastModDate], [CreateDate], [QtyAvail], [type], [brand], [colors], [materials], [attributes], [upc], [inventory], [category], [subcategory], [image_small], [image_medium], [image_large], [item_weight], [tier_pack_1], [tier_price_1], [tier_pack_2], [tier_price_2], [tier_pack_3], [tier_price_3], [tier_pack_4], [tier_price_4], [case_pack], [case_pack_price], [on_sale], [sale_begins], [sale_ends], [QtySold7days], [QtySold14days], [QtySold30days], [QtySold60days], [QtySold90days], [QtySold180days], [QtySoldYear], [QtySoldToday], [StarTotalVotes], [Star1], [Star2], [Star3], [Star4], [Star5], [StarAvglVotes], [MadeInUSA], [Dimensions], [MarkupPct], [reorderQty], [Sizes], [EligibleForFreeSHipping], [Rating], [NbrRatings], [Vote1], [Vote2], [Vote3], [Vote4], [Vote5], [DefaultImageURL]) VALUES 
                             (N'SkinCare80', N'NCHOICE', N'Potassium', N'Nature''s Choice', N'1', CONVERT([decimal](10, 2),29.95), 1024, CONVERT([decimal](3, 2),4.90), N'CS8OZBL', CONVERT([decimal](12, 2),4.00), N'oz.', CONVERT([decimal](10, 2),4.00), N'in.', CONVERT([decimal](12, 2),1.50), N'dia.', '20140707 15:14:13.613', '20140707 15:14:13.613', 1000,  N'USA', N'Instock365', NULL, N'glass', NULL, NULL, 1000, N'Natural Skin Care', N'', 
					    N'SkinCare08.png', N'SkinCare08.png', N'SkinCare08.png', CONVERT([decimal](15, 3),0.250), CONVERT([decimal](15, 3),12.000), NULL, CONVERT([decimal](15, 3),18.000), NULL, CONVERT([decimal](15, 3),24.000), NULL, CONVERT([decimal](15, 3),48.000), NULL, NULL, NULL, NULL, NULL, NULL, NULL, NULL, NULL, NULL, NULL, NULL, NULL, NULL, 0, 0, 0, 0, 0, 0, CONVERT([decimal](4, 2),0.00), 0, NULL, CONVERT([decimal](6, 3),4.000), 10, NULL, 0, CONVERT([decimal](4, 2),5.00), 1200, 1150, 50, 0, 0, 0, NULL)

INSERT INTO [dbo].[ProductClass] ([ClassCode], [ProductID]) VALUES (N'Natural Skin Care', N'SkinCare10') ;
INSERT INTO [dbo].[ProductClass] ([ClassCode], [ProductID]) VALUES (N'Natural Skin Care', N'SkinCare20') ;
INSERT INTO [dbo].[ProductClass] ([ClassCode], [ProductID]) VALUES (N'Natural Skin Care', N'SkinCare30') ;
INSERT INTO [dbo].[ProductClass] ([ClassCode], [ProductID]) VALUES (N'Natural Skin Care', N'SkinCare40') ;
INSERT INTO [dbo].[ProductClass] ([ClassCode], [ProductID]) VALUES (N'Natural Skin Care', N'SkinCare50') ;
INSERT INTO [dbo].[ProductClass] ([ClassCode], [ProductID]) VALUES (N'Natural Skin Care', N'SkinCare60') ;
INSERT INTO [dbo].[ProductClass] ([ClassCode], [ProductID]) VALUES (N'Natural Skin Care', N'SkinCare70') ;
INSERT INTO [dbo].[ProductClass] ([ClassCode], [ProductID]) VALUES (N'Natural Skin Care', N'SkinCare80') ;

select * from [Classification]
select * from [Product] order by ProductID
select * from [ProductClass]




